10138260	0100000000000000000000000000000001001000000000000000000000000000000000000010000010000000001000001000000000010000000000000000000010000000000000100000000000000000000000000000000000000000000000000000010000000000000000000000000000010000000000000000000000001000000000000000000000000000010000000010000000000000000000000010000000000000000000000000000000000000100010000000000000000000000001000010100000000000000000000000000001000000000000000000000000000000000000001000000101100000000000000000001000000000000000000000000000000000000100010000000000000000000000000000000000000000000100000000000000100010000000000001001000000000000000001000000001000000001000100010000010000000000000000000000000000000000010100011000000000000000000000100001000000000000000000000000001000000000000010000000000000000000000000000000000000001000000000000000001000000000000001000001001000000000000000000000000010000000000000000010000100000100000000000000000000010000000010000000000000010000000100000001000000000000000000000001000000000000010000000001000000000
216239	0000000001000000000000000000000001000000000000000000010010000000000000000000000000000000000000000000000000000000001000000000000010000000000000000000000001000000000000000000000000000000100000010100000000000000000000000000000000001000000000000000000000000000000000100000000000000000000000000000000000000000000000000000000000100000000000000000000001100000000010000000001000000000001000000000000000000000000000100000000000010000000011000000000000000100000000000000000000000000000000000000001000000000000000000000000000000000000000000000000000000000000000001000000001000000000000000000000000000000010000000000000000000000000100000000000000000000000001000010000000010000001000000000000000100000000000010000000000000000000000100000001000000000000000000000000000000000000000000000000000000000000100001000000000000001010000000000000000000000000000000011000001000001000000000000000000010000000000000000010000000000100000000000000000000000001000000000000000000000000000000000011000000000000000000000000000000000000000000000000000010000
9884685	0000000000000001000100000000000000000000000000000000000000000100110000000000000000000000000010000000000000000000000000000000000000100100100000000000000000000000000000100000000000000000000000000000000000000000000000000000010000000000000000000000000000000000000100000000000000000010000000000000000000000000000000000000000010000000000001000000000000000000000010000100000000000000001001001000000000000000000000010000000001000000000010000000000000000000100000001000000000000000000000000000000000000000000000000000000000000000000100000000000000000000000001001000000000000000000000000010100000000000000000000000001000000000000001000000000000000000000000000000000010000000000000000000000000000000000000000000100000000000000000000000001000000000100000000100000000000000000000010000000000000000000000000000000000000001000000000000000000000001000000000010000001000000000000000000000000010000001000000000000000000000000000000000000000000010000000010000000000000010000000000000000000000000000000000000000000000000000000000000001000000000
25243800	0100000000000000000100000000000001000000000000000000000000000000000000000000000000001000001000000000000000000000000000000000000000100000000000000001010000100100000000000000100000000000000000000000000000000000000000000000000000000000000000000000000000000000000000000000000000000000000100000100000100000000000000000000000000000000000000000000000000000000000010000000010000000000001001000000000000000000000000000000000000000000000011000101000000000000000000000000010000000000000000000000000001000000000000000000000000000000000000000000000000000000000010000000000000000000000000000010000000000000000000000000000000000000000000000000000000000000100000000000000000000000010100000000010000000000000000000000000000000000000001000001001000000000000000000100000000000000000000000000000000000000001000000000000000000001000000000000000000000000000000000000001001000000000000000000000000010000100000000000000000100000000000000000000000000001000000010000000000000010000000000100000000000000000000000000000000000000010000000000000000000000
5291	0000000000000010000100000000000001000000000000000000000000000100100000000010000010000000000000000000000000000000000000000100000010000000100000000000000000000000000000000000000000000000100000010000000010000001000010000000000000000000000000000000000000000000010000000000000000000000000000000000000000000000000000100000000000000000000000000000000000000000000010000100000100000000001000000000000000000001000000000000000000000000000010000000010000000000000000001010000000000000000000000000001000010000000000000000000100000000000000000000000000000100000000000001001000100000000000000001000000000000000000000000000000000000000000000000000000000000010000000010000000110000000100000100000000000000000000000010000000000000000000000000001000100000100001000001000000000000000000010001000000000000100100001001000000000001000000000000000000000001000000000011000001000000000000000000000000010000000000000000010000000000000000000000000000000010000010010000000000000000001000000000000000000000000010000000000000000000000000000000100000000000
16007391	0000000000100101000000000000100001000000010000000000000000000000100000000111000010000000001000000000000000000000000000000000000110000000000000000000000000000000000000000000000000000000100001010000000000100000000000000000001000000010000000000000000000010000000000000000100000000000000000000000001000000000000000001001000000100100000001000000000100000000000010000000000000000000001000000000000000000000000000000000000000000000000010000000000000000000000000000000000100010000010001000000000001010000100000000000000000000000000000000000000000000000000000000000010100000000000000000000000000000000000000000000000000000000000000000000000000000000100000100010000000000000000000000100000000000000000000010001000100001100000000100000001000001010000000000000000000000000000000000000000000000000001000001010000000000001000000000000000000000000000000000001000001000000000000000000000000010000010000010000110000000100100000000000000000000001000010000000000000000000000001000000000000000000000010000000000000000000000000000000000000000000
11656518	0000000000000000000000000000000001000000000001000000000000000000000000000100000000000000001000000000000000001100001000000100001010000000000000000000000000000100000000010000000000000000000000010000000000000000000000000000000000001000000010000000000000000000000000000000000000000000000000000000000010000000000000001000000000100000000000000000000000100000000010000000000000100000001000010000100001000000000000000000000000000000001011000000000000000000000000000000000000000000000000000000000000010000000010000000000100100000000000000000000000000000000000000000000000001000000000000000000001010000010000000000000000000000000100000000000000000000010000000000000000000000000000000000000000000000000000010000000000000000000000100100001000000000000000000000000000000000000000000000000000000000000100000000000000000000010000000010000000000001000000000011000001000000000000000000000000010001000000000000000000000000100000010000000000000000000000010000000000000000001000000100000000000000000010000000000000000100000000000000000000000000
11717001	0000000000000000000000000001000000000000000000000000000000000000000000000000000010000000000000000000000000000000000000000100000000000000100000000010000000000000000000000000000000000000100000000000000010000100000010000000001000000000000000000000000000000000000000000000000000000000000000000000000000000000000000000000000000010000000000000000000100000000100010000000000000000000001100010000000000000000000000000000000000000000000010000000000000000000000000000000000010000001010000000000000000000000000000000000000000000000000000000000000000000010000000001001000000000000000000000001000000000000000000000000000000000000000000000000000000000000010000000000000000100000001000000000000010000000000000000000000000000000001000000000011000000000000000000001000000000000000100000000000000000010000000000000000000000001000000000000000000000000000001000010000001000000000000000000000001010000000000010000000010000000000000000000000000000010000010010000000000000000000000000000000000000000000000000000000000000000000000000000000000000000
156414	0000000000000100000000000000000000100000000000000000000000000000000000000100000010000000000000000000000000000000000000000100000010000100000000000000000000000100010000000000000000000000000000010000000010100000000000001000000000000000000000000000000000000000000000000000000000000000000000000000000000000000000000000000000000000000010001000000001100000000000010000000001000000000001001000000000000000000000000000000000001010000000010000000000001000000000000001010000011000000000000000000000001010010000000000000000000000000000100000000000000000000000000000000010001000000000000000001000000000000000000000000000000000000000001000000000000000000000000000010010010010000000000000100000000000000100000110001000000001000000000000000001000000000000000000000000000000000000000010000000000001000001000001010000000000001000000001000000001000000000000000001000001000000000000000000000000010000000000011000010000000000100000000000000000000010000000010000000000100010000000010000000001000000000000000000000000000000000000000000000000000000
11626560	0100000000000000000000000000000011000000000110000000000000010000000000000000000000000000001000000000000000000000000000000000010000100000100000000001000000010000000000000000000000000000000000000010000000000000000000001000000000100000000000000000000000000000000000000000000000000000000110000000000000000100010000000000000000000000000000000000000000000010000010000000001000000000001000000000000000000000000000000100000000000000000010000101000000000000000000000000000110000000000001000000000000001000000000000000000100000000000000000000000000100000000000000000000001000000000000000000000000000100000000000010001000000000000000000000000000000010000000000000000000010000101000000000000000000000000000010001000000000000100000000000001000000000000000000000000000000000000000000000000000000000000000000000000000000000000000001000000000000000000100000000010001000000001000000000000001010000000000100000000000000000100000000000000000000010000000010000000000100000000000000000010000000000000000000000000000000000000000000001000000010000
11234052	0101000000000000000000000000000001000000000100000000000000000000000000000000010010000000001000100100000000000000000000110000000000000000000000000000000000000000000000000000000000000000000000000010000010000000000000000000000000010000000000000000000000001000000000000000000000010100000100000000000001000000000001001001000000001000010001000000000000000000000010000000000000000000001000000000000000000100010001000000000010000100000010000000000000000000000000000000000010000000000000000000000001000000000000010000000000000000000000000000000000000000000000000000000000000000000000000000000000000000010000000000000000000000000000000000000000000000000000000000000000000000000000000000000000000000000000010011001000000000000000000100001000000000000000000000000000000000000000000000000000000000000000000000000000000001000000000100000000000000000000000000000001000000000000000000000000010010000000000000000000100000100000000101000000000000000000010000000000100000000000000000000000000000000000000000000000000000000000000000000000000001
10461815	0000110000000001000000000000010001001000000000000000000000000000100000001010000010000000101000001000000000010000000000000000000000000000000000100000001000000000000000000000000000000000000000000100000000000000000000000000000000000000000000000010001000001000000000000000000000000000010000100000000000000100000000000010000100000000000000000000000100000010100011000000001000000000000000001000100000000010100000000000000000000000000000000000000000000010000010001000000000000000000000001000000000000000010000000000000000000000000000011000000000000000000000000000000001100000000000000000000000100010000000000000000000000000000000001000000001000000000000000010000000010000000000000000000000000000000010100010000000000000000100000100001000000000000000000000000001000001000000010000000000000000000000000000000000000001000000000000000000000000000000001000000001000000000000000000000000010000000000000000010000000000000010000000000000000010000000010000000000000000000010100000001000000010000000000000000000000000000010000010000000010000
3038525	0101000001000001000000000000000000000000000001000000000000000000100000000000000000000000000000000010000000000000000011100000000000000010000000000001000000000000000001000000000000000000000000000000000000100000000000000000000000000000000000000000000100000000000000000000000000000000000000000000000000000000010000000010000000000000000000000000000000000000000010000000001000000000001000000010000000000000000000000000000000000000000010000000000000000000000000000000000100000000000000000000000000000000000000000000000000000000000000000000000000000000000000001100000001000000000000000000000000000000000001000000000000000000000000000000000000000010100000100010000000010000000000000000000000000000000000000001000000000000000000000001001000000000000000000000000000100000000000000000000000000000000000000000000000000000000000001000000000000000000000000000000001000000000000000000000000010000000000000000000000010000100000000000000000000100000010010000000000100000000000000000000000000010000000000000000000000100000000000000000000000000
44150621	0100000110000011000000000000000001001000000000000000000000000000100000000010000000000000001000000000000000000000000000000100000000000000000000000001000000000000000000000000000000000000000000000000000000000001000010000000000000010000010000000000000000000000000000000000000000000000000100000000000000000000000000000011000000000000000000000000000000000000000010001000010000000000001000000000010000001000000000010000000000000000000000000100000000001000000000001000000000000000000000000000100000000000100000000000000000000000000000000000000000000000000000000000000000000000001000000000000000010000000000000000010010000000000000000000000000000000000000000010000000000000000000000000000001000001000000100001000000000000000000000000001000000000000000000000000000000000000000000000000000000000000000100000000101000001000000001000100000000000000000000000000001100010001000000000000000010000000000000010110000000000100000000000000000000011000000010000000000100000000000100000010000001000000000000000000000000000000000000000000000000000
11485656	0000000000000001000000000000000001000000000000000000110010000000100000000010000000000000001000000000000000000000000000010000000010000000100000000001000000000000000000000000000000000000000100010000000010000000000000001000001000000000000100000000000000000000000000000000000000000000000000000000000000000000000000000000000000000000000000000000000000010000100010000000000000000000001000000000000000000000000000000000000000001000000000000101000000000000000000000000000000000000000000000000000000000000000000000000000000000000000000000000000000000000000000000000000000001000100001000000000000000000000000000000000000000000000000000000000000000000000000000010000000000000000000000000000000000000000000000011000000000000000000000000011000000000000000000000000000000001000000010000000000000000000000001000000100000001000000001000000000000000000000000001000001000000000000000000000000010000000000000000010010000000100000000000000000000000000000000000000000000000000000001000011000000000010010001000000000000000000000000000010000000000
9926054	0000000000000000000000000000000001000000000001000000000000000000000000000100000010000000000000000000000000000000000000000000000010000000000010000001000000000000000000000000000000000000000000000000000000000001000000000000000000000000000100100000000000000000000000000000000000000000000000000000000000000000000000000000000000000000000000000000000000000000000011000000000000000000001000000000000010000000000000000010000100000000000010000000000000000000000000000001000000000000000000000000000000000000000000000000000100100000000000000000000000000000000010000000000000000000000000000000000000000000000000000000000000000000000000000010000000000000000000000000000000000000000100001000000000000000000000000010000000001000000000000000001000000000100000000000000000000000000000000010000001000000000000000000000100000000000000001000000000000001000000000000000001000000000000000000000000010000000100000000100001000000000000000000000000000000000000010000000000000000000000000100000000000000000001000000000000000000000000000000010000000000
126565	0000100000010000000000000000000001001000000001100000000000000000100000000000000010000000001000000000000000000000000000000000000000101000000000000000000000000000000000000000000101000000000000000000000000000000000000000000001000000000000000000000100000100000000001001001000000000000000000000000000000000000000000000010000000100000000001000000000000000000000010000110000000000000000000000000010000000001000000000000000010000000000000000000000000000000000000000000000000001000000000000000000000000000000000000000000000000000000000000000000000000000000001000000000000000000000000000000000000000000000000000000000000000000000000000000000001000000000010000010000010010000000000000000011100000000000000000000001000000000000000001001001000000000000010000000000000000010000000000000000000000000000000000000100000000001000000000000000000000000000000000010000001000000000000000000000000000000000000000000000100000000000000000010000000000010000000010000000000000010000000001000000000000000000000010000000000001000000000001000000000010000
51004351	0000100000000000000000000000000001001000000001100000000000000000100000000000000000000000001000000000000000000000000000000000000000000000000100000000000000000010000000000000000100000000000000000000010000000000000000000000000000000000000000000000100000100000000001001001100000000000000000000100000000000000000000000010000000100000000001000000000000000000000110000110000000000000000000000000010000000000000000000000000010000000000000000000000000010000000000000000000100001000000000000000000000000000000000000000000000000000010000000000000000000000010001000000000010000010000000000000000000010000000000000000000000000000000000000000000001000000000010000010000010000000000000000000011000000000010000010000001000000000000000001001001000000000000000000000000000000000000000000000000000000000000000000000100000000001000000000000000001000000000000000110000001000000000000000000000000000000010000000000010100000000000000000000000000000010000000010100000000000010000000001100000100000000000000010000000000001000000000000000000000010000
25127112	0110100000000000000000000001000000000000000100000000000000000000010000000000000010000001001000000000000000000000000000000000000010000000110000000001000000000000000000000000000000000000000000001000000000000000000000000000000000000000100000000000000000000000000000000000000000001000000000000000000000000100000000000000000000011000000001010001000000000000000010001000000000000000001000000000000000000000000000000000000000000000000010000000000000000000000000000000000010000000000000010010001001000000000000000000000100000000000000000000000000000000000000000000000000000000000000000000000000000000000000000000000000100000000000000000000000000000000000000010000000000000000000000010000000100000000000000000000000000001000100000000001000000000000001000000000000000000000000000000000000000000001000100000000000000011100000100000000000000000000000000000000001001000000000000000000001000000000000000010000000000000000000000000000000000010000000010000000010000000001000000000000000000000000000000000000000000000000000000000000000010000
10427712	0000000000000001000000000000000010000000000000000000000000000000110000000000000000000000000000000000000000000000000000000000000000000000100000000001000000000000000000100000000000000000000000000000000000000000000000001000000000000000000000000000000000000000000000000000000000000000000000000000000000000000000000000000000000010000000000000000000000000000000010000000000000000000011001000000000000000000000000000100000000000000000000000101000000000000000000000000000000000000000000000000000000000000000000000000000000000000000000000000000000000000000000000010000000000000000000000010000000000000000000001000000000000000000000000000000000000000000000010000000000000000000000000000010000000000000000000000100000000000000000000000001000000000100000000100000000000000000000000000000000000000000000000000000000000001000000000000000000000001000000000000000001000001000000000000000000010000000100000000000000000000000000000000000000000000000000000000000000000000000000000000000000000000001000000000000000000000000000000000000100000000
11338033	0000000000000001000000000000000000000000000000000000000000000000100000000010000100000000001000101000000000000000000000000000000010000000000000000000000010010000000000000000000000000000000000000000000010000000000000000000000000000000000000000000000000000000001000000000000000000000000010000000000000000100010000000000000000000000000000000000000000000000000010000000001000000000001000000001000000000000000000000000000000010000000000000000000000000000000000000000000000000000000000000000001000001000000000000000000100000000000000000000000000000000000000000000001001000000000000000000000000100000000000000000000001100000000000000000000100000000000000000010000000010000000100000000000000000000000000000000000000000000010000000000001000000000000000000000000000000000000000000000000000000000000000001000000000000001000000000000000000000000000000000000000001000000000000000000000000000000000000000000011000000000000000000000000000000010000000000000000000010000000000000000000000000010000100000000000000010000000000000000000000010000
153999	0000000001000000000000000000000001001000000101000000000000000000100000001000000010000000001000000000000000000000000000000000000000000000000100000000000000000000000000000000000100000000000000000000000000000000000000000000000000000001000000000000000010000000000001000000000000000000000000000000000000000101000000000010000000000000000001000000000000000000100010000000000100000000000000000000000000000000000000000000010000000000000000000000000000000000000010001010000010000000000000000000000000000000000000000000000000100000000000000000000000000000000001000000000000000010001000000000010000000000000000000000000000000000000000000000000001000000000000000010100010000010000000000000000000000000000000000000000000000000000000000000001000000000000000000000000000000000000000000000000000000000000000000000000000100000000000000000000000000000001000100000000001000000000000000000000000000000010000000000000000000000000001000000000000000010000000010000000000000010000000000000000000000000000000000000000000000000000000000000000000010000
10074640	0000000000000010000100000000000101000000000000000000000000000000100000000010000010000000000000000000000000000000000001000100000010000001100000000000000000000000000000000000000000000000100000010000000010000001000010000000000000000000000000001010000000000000010000000000000000000000000000000000000000000000000000100000000000000000000000000000000000000000000010000100000100000000001000000100000000000000000000000000000000000000000000000000010000000000000000001000000000000000000000000000001000010000000000000000000100000000000000000000000000000101000000001000000000100000000000000001000000000000000000000000000000000000000000000000000000000000010000000010000000110000000100000101000000000000000000000010001000000000000000000000001000100000100001000001000000000000000000010001000000000000100000001000000000000001000000000000000000000001000000000011000001000000000000000000000000010000000000000000010000000000000000000000000000000010000010010000000000000000001000000000000000000000000010000000000000000000000000000000000000000000
447077	0000000000000001000000000001000001000000000000000000000000000001100000000000000000000000000000000000000000000000000010000100000010000000000000000000000010000000000000000000000000000000000000010000000000000000000000000000000000000000000000000000000000000000000000000000000000000000000000000000000000000000000000000010000000000000010000000000000000000000100010000000001000000000001010000000000000100000000000000000000000000000000010000000000000000000000000000010000000000000000100000000000001010000000000001000000100000000000000000000000000000000100000000000001001101000000000000000000000000000000001000000000000000000000000000000000000000000000000000010000100010000000000001000000000000000000000000001000100000001000000000101001000000000000000000000000000000000000000000011000000000000000000000000000000000000000100000000000000000001000000000000000001000000000000000000000000010000000000000000000000000000000000100000000000000000000000010000000000000000000000000000000000000010000000000000000000000100000000000000000000000000
44259	0000100000000000000000000000000001001000000001100000000000000000100000000000000000000000001000000000000000000000000000000000000010000000000000000000000000000010000000000000000100000000000000000000000000000000000000000000000000000000000000000000100000100000000001001001100000000000010000000100000000000000000000000010000000100000000001000000000000000000000110000110000000000000000100000000000000000000000000100000000010000000000000000000000000000001000000000000000000001000000000000000000000000000000000000000000000000000010000000000000000000000000001000000000000000000000000000100000000000000000000000000000000000000000011000000000001000000000010000010000010000000000000000000011000000000010000010000001000000000000000001001001000000000000000000000000000000000000000000000000000000000000000000000100000000000000000000000000000000000000000000110000001000000000000000000000000000000000000000000000100000000000000000000000000000010000000010100000000000010000000001000000100000000000000010000000000001000000000000000000000010000
6918454	0000000000001000000000000000010000000000000000000000000000000000000100000000000010000000000000000000000010000000100000000010000010000000000000000001000000000000000000000000000000000000000000000000000010000000000000001000000000000000000000000000000000000000000000000000000000000000000000000000000000000100000000000000000000000000000000000000000000000000000010000000001000000000000001000000000000001000000000000000000000000100000000000000000000000001000000000000000000000010000000000000001000010000000000000000000000000100000000000000000000000000000000000000000001000000001000000000000000000000000000000000000000000010000000000010000000000000000000010010000000010100000000000000000000000000000000010001010000000000000000000000001000000000000000000000000000000000000000000000000000000000000000000000000000000001000000011000000000000000100010000000000001000000000100000000000000010000000000001000010000000000100000000000000000000010000000000000000000010000000000000000000100000000000000000000000000000001000000000000000000010000
11314340	0100000000000000000000000000000001000000001000000000000000000000100000000110000110000010001000000000000000000000000000100000000000000000100000100001000000000000000000000000010100000000000000000000010000000000100000000000000000000000000000000001000000000000010000000000000000000000000000000000000000000000000000000000000000100000000001000000000000000000000010000000000000000000001000000000010000000000000000000000000000000100000010000000000000000000000000000000000000000000000001000000000000000000000000000000000100000000000000000000000000000000000000000000000000000000000000000001000000000000001000000000000000010000000000000000000000000000000000000000000000000000000000000000000000000000000010010010000000000100001000000000001000100000000000000000000001000000000000000000000000000000011000000000000000000000000000000000000000000000000000000000000001000000010000000000000000010000000000000000000010000000000000000000000100000000000000000000000000000000000000000100000000000000000010000000000000000000000000000000000000000000
10127622	0000000000001100000000000000000001000000000001000000000000000000000000010010000010000000000000000000000010000000000000000100000010000100000000000001000000000000000000000001000000000000000000000000000010000000000000000000001000000000000000000000000000000000000000100000000000000000000000000000000000000000000000000000000000000000000000000000000001000000000010000000001000000000001001000100000000000000000000000000000000000100000010000000000000000001000000000000000000000000010000000000001000010100000000000000000000000100000000000000000000000000000000000000000001000000000000000000000000000000000000000000000100000000000000001000000000000000000000000010000000010000000000000000000000000000000000010001110000000000000000000000001010000000000000000000000000000000000000101000000000000000010000000000000000000001000000000000000000000000100010000010000001000000000000000000000100010100000000001000010000000000100001000000000000000000000010010000000000000000000000000000000100000000000000000000000000000000000000000000000000000000
176870	0000000000000101000000000000000001000000000000000000000000000000100000000100000010000000000000000000001000000000000000000000000010000100000000000000010000000000000000000000000000000000000000010000000000100000000000000000000000000001000000000000000000000000000000000000000000000000000000000000000000000000000000000000000000000000010001000000000100000000000010000000000000000000001000000000000000000000000000000000000000000000000010000000000000000000000000000000000000000000000000000000001001010010000000000000000000000000000000000000000000000000000000000000000000000000000000000000000000000000000000000000010000000000000000001001000000000000000000000000000000000000000000000110100000000000000000010000000100001010000000000000001000000000000000000001000000000000000000000000000000001000001000000010000000000000000000000000000000000000000000000100000001000000000000000000000000010000000000001000010000000000000000000001000000000000000000000000000000100000000000000000000000000010000000000000000000000000000001000000000000000000
156422	0000000000001100000010000000000101000000000000000000000010000000100000000000000010000000000000100000000000000000001000000100000010000000000000000000000000000000000000000000000100000000000000000000000010000000000000000000000000000000010100000000000000000000000000000000000000000000000000000000000000000000000000000001000100000000000001000000000000000000000010000001000010000000001001000000000010000000000000000000000011000000000010000000000000000000000000001010000000000000000000000000000000000010000000000000000000000000000100000000010000000000000001000000000000000000000001000000000000000000000000100000000000000000000000000000000000000000000000000010000010000000000000000000000000000000000001010010000000000000000000000000001000000000000000000000000000010000000000010000000100000000000000001000000101000001100000000000000001001000100000000000000001000000000000000000000000010000001000000000010010000000000000000000000000000010000010010000000000100010000000000000010000000000000000000000000000000010000000000000000000000000
11409972	0000000000000000000000000000000001100000000000000000010010000000000010000011000010000000000000000000000000000000001000000001000010000000000000000000000000000000000000000000000000000000100000010100000000001000000000100000000000000000000000000000000000000000000000100000001000000000000000000000001000000000000000000000000000100100000000000000000000000000000010000000000000000000001000000000000000000000000000100000000000010000000011000000000000000000000000001000000000000000001000000000000001000000000000000001000000000000000000000000000000000000001000000000000000000000000000000000000000000000010000000000000000000000000000000000000000000000000000000010000000000000000000000000000000000000000001010000000000000000000001100000001000000000000001000000000000000000000000011000100000000000101000001000000000000001010000000000000000000000000000000001000001000000000000000100000000010000000000000000010000000000100000000000000000000111000000010000000000000000000000000000011000000000000000000000000000000000000000000000000000010000
24180719	0000000001000000000000000010000001000000000000000000000000000000000000000000000010000001001000000000000000000000000000010000000010000000000000000000000000000000000000000100000000000000000000000000000010000000000000001000000000000010001000000000001000000000000000000000000000000000000000000000011000000000000000000001000000000000000001000000000000000010000010000000000000000000001000010000000000000000000000000000000000000100000010000100000000000000000010000000000000000000000000010100000000000000000000010000000100000000000000000000000000000000000000010000000001000000000000000000000000100000000000000100000000100000000000000000000000000000000000000010000000010000000000000000000000000000000000000001000000000000000000000000001000000000000000000000000000000000000000000000000000000000000000000010000000000011000000001000000000010000100000000000000001000001100000000000000000010000000000000000010000000000100000000000000000000000000000000000000000000000000000000000000100000000000000000010000000000000000000000000000000000000
644241	0000000000000000000100000000000001000000000000000000000000000100100000000000000000001000001000000000000000000000001000000000000010000010100000000000000000000000000000000000000000000000000000010100000010000000000000000001000000000000000010000000000000000000010000000000000000000000000000000000010000000000000000000000000000000000000000000000000000000000000010000100000100000000001000000000000001000001000000000000000000000000000011000000010000010000000000000010000010000000000000000000001000010000000000000000001100000000000000100000000000010000000000000001001000100000001100000001000000000000000100000000000000000000000000000000000000000000000000000010000000100000000100000100000000000000000000000010000000010000000000000000001000000000100000000000000000000000000000000001000000000000000100001001000001000001010000000000000000000001000000000010000001000000000000000000000000010000000000000000010000000000100000000000000000000000000010010000000000000000001000000000000000000000000010000000001000000000000000000000100000000000
11364421	0000110000000000000000000000000001000000000000000000000000000000010000100000000010000000000000100000000000000000000000000100001010100000000000001000000000000000000000000000000000000000000000000000000010000001000010000000000001000000000000000000000001000000000000000000000100000000000000000000001000000100000000000010000000000000000000000000000000000000000010000100000000000000001000000001000000000000000000000000000000100000000010100010000000000000000000001010000000000000000000000000001000010000000000000000000110000000000000100000000000000000100000000001001000000000000000000000000000000000000000000000000000100000000000000000000100000000000000000010000000000000000100000100000000000000000000010000001000000010000000000000001000000000000000000000000000000000000000000000000000000000000000000000000000000001000000000000000000000011100000000100000001000000000000000000000000010000010000100010010000000000000000000000000000000010000000010000000000100000000000000000000001000000000000000001000001000000001000000000000000010100
10184653	0000000000000000000000000010000101100000000000000000000000000000000000000100000010000000000000000000000000000000000000010000000010000100001100000000000000000100100000000000000000000000000000010000000010100000000000001000000000000000000000000000000000000000000000000000000000000000000000000000000000000100010000000000000000000000010011000000000100000000000010000000001000000000001000000000000000000000000000000000000000010010000010000000000001000000000000000000000011000000000000000000000001010000000000000000000000000000000110000000000000000000000000000000010001000000000000000000000000000000000000000000000000000000000000000000000000000000000000000010100010010000000000000100000000000000000000110001000000001000000010000000001000000000000000000000000000000000000000000000000000001000001000001010000000000001000000001000000000000000000000001001000001000000000000000000000000010000010000001000011000010000100000010000000000000010000000000000000000100010000000000100000000001000000000000000000000000000000000100000000100010000
3038522	0110100000000100000000000000010001000000000000000000010000000010000000000100000010000000000000000000000000000000000000000100000010100000000000000000010000000000000000000000000000000000000000010000000000100000000000000010010000000000000000000000000001000000000000000000000000000000000100000000000000000000000000000000000000100000000001000000000000000000000011000000000000000001001000000000000000000010000000010000000000000000000010000000000000001000100000001010000000000000000000000000100001000010000000000000000010000000000000000000000000000000000000000001000000000100000000000000000000000000000000000000000000000000000000001000000000000000000000000010010000000000100000000100000000000000100000010000000000000000000000100000001000000000000000000001000000000000000000010000000000001000001000001000000000000001000000000000000000000000000000000101000001000000000000000000000000010000000000010000010000000000000000000000000000000010000000010000000000100000001000000000000010000010000000000100000000000000000000000000000000000000
176167	0000000000000000000000000000000001001000000001000000000000000000100000000000000010000000001000000000000000000100000000000100000001010000000000000000000000000000000000000000100100000000000000000000000000000000000000000000000000000000000001000000000000000100000001100000000000000000000000000000000000000100000000000010000000000010000001000000000000000000100010000000010000000000001000000100000000000000000000000000010000000000000010000000000000000000100010001000000010000000000000000000000000000000000000000000000100000000000000000000000000000000000001000000000000000000001000000100000000000000000000000000000000000000000000000000000001000000000000000010000000000010000000000000000000000000000000000000000000000000000000000000101010000000000001000000000000000000000000010000000001000000100000000000000000000000000000000000000000000000001000100010000101000000000000000000000000000000000000100000000000000000000000000000000000000010000000010000000000000000000000000000000000000000000000000000000000000000000000000000000000010000
151194	0000000000000000000000000000000000000001000000100000000000000000100000000000000010000000000000000000000000000000000000000000000010000000000010000000000000000100100000000000000100000000100000010000000000000000000000001000000000000000000000000000000000000000000000000000000000000000000000000000000000000000000000000000000000000000000001000000000000000000000010000000000000000000001000011000000000000000000000100000000000000000000000000000000000000000000000000000000000000000000000000000000000010100000010000000000000000000000000000010000000000000000001000000000001000000000000000001000000000000000000000000000000000000000000000000000000000000000000000000000000010000000000000000000000000000000000000000000000001000000000000000001000100000000000000000000100000000001000000000000000000000000000000000000000000000000000001000000000000000000000000011000001000000000000000000000001000000000000001000000000000000000000100000000000000000000000000000000000000000000000000000000000000000000000000000000000000000000000000000000000000000
24779724	0100000000000000000100000000000001000000000100000000000000000001100000001100000000000000000000000000000000000000000110000100000000000000100010000000000000000000000000000000000000000000000000000000000000100000000000000000000000000001000000000000000000000000000000000000000000010001000000000000000000000100000000000000000000000001000000000000000000000000000010000000000000000000001000000000010000000001000000000000100000000000010010000000000000000000100000000000000010000000000000000000000000000000000000000000000100000000000000000000000000000000000000001000000000000000000000000000000000000000000000000000000000000100000000000000000000000000000000000000000000000000000000000000000000000000000000000000000000000000000000000000001000000000001000000001000000000000000000000000000000000000000000000000000000000000000100000001000000000001001000000010000001000000000100000000000001110000000001000000000000000000000000000000000000100010000010010000000000000000000000000100000000000000000010000000000000000000000000000000000000000000
9915743	0000000000000000000000000000000101100000000000000000000000000000100000000100000010000010000000100000000000000000100000000000000011010000000100000000000000000100000000001000100100000000000000010000000010100000000000100000000001000000000001000000000001000000000000000000000000000000000000000000001000000000010000000000000000000000010011000000000000000000000010001100001000000000001001000000000000000000000000000000000000010000010010000000000001000000100000000010000000000000001000000000000000010000000000000000000100000000000000000000000000000000000000000000010001000000000000000000000000000000000000000000000000000000000000000000000000000000000000000010100000010000000000000110000000000000000000110000000000000000000000000000101000000000000000000100000000000000000000000000000001001000000000101000000000000001000000000000000000000000000000101011000011000000000000000000000000010000010000000000011000000000000000000000000000000000000000000000000000100000000000000100000001001010000000000000000100000000000000000000000100000000
4908365	0000000000000010000000000000000001000000000000000000100000000000000010000000000000000000001000000000000000000000000000010100000000000000000000010000000000000000000001000000000000000000000000000000000000000001000010001000000000000000000000000000000000000000000000000000000000000000000000000000000000000000000001000000000000000000000000000000000000000000000010000000000000000000000000000000000000000000000000000000000000000000000000000000000000000000000000001000000000000000000000001010000000000000000000000000000000000000000000000000000000000000000000000000000001000100000000000000000000000000000000000000000000000000000000000000000000000000000000000010000000010000000000000000000000000000000000000000000000000000000000000100001000000000000000001000000000000000000000000000000000000000000000000100000000000001000000001000001000000001000000000000000001000000000000000000000000010000000000000000010000000000000000000001000000000010000000010000001000000000000000000000000000000000000000000100000000000000000000000000000000000000
9929127	0000000000100000000101000000000001000000000000000000000000000000100000000000001000000000001010000000000000000000000000010000000010001000000000000000000000000000000000000000000000000000100000000000000000000000000000000000000100000000000000000000000000000000000000000000000000000000000000000000000000000000000000000000000000000000000001000000000000000010000010000000001000000000001101000000100000000000000000000000000000000001000010000000000000000000100000000000000000000000000000000000001000000000000000000010000110000000000000000000000000000000000000000000000001100000000000010001100000000001000000000000000000000000000000000000001000000000000000000010000000010000000000000000000000000000000000010010000000000000000000000100001000000000000000000000000000000000000100000000000000000000000000001000000000000001000000000000000000000000000000000110000101000000000000000000000000010000000000000000010000000000000000000000000000000000000000000000000000000000000000000000000100000000000000000000000000000000000000000000000000001100
11427553	0000000000000000000000000100000000000000000000000000000000000000101000000010000000000000001000000000000000000000000000010010000000000000000000000000000000000000000000000000000100000000000000000000000000000000000000000000000000000000000000000000000000000000000000000000000000000000000010000000000000000000010000000000000000000000000001000000000000000000000010000100001000000000001000000000000000000000000000000000000000000001000000000000000000000000000000001000000000000000000000001000000100001000010000000000000000000000000000000000000000000000000001000000000000000000100001000000000010000000000000000000000000000000000000000000000000000000000000000010000000000000000000000100000000000000000000100000000000000000000000000000001000000000000000000000000000000001000000000000000000000000000000000000000000000001000000000000000000000000000100000000000001000100100000000000000000000010000000000000010000000000000000000000000000000010000000010000001000000000000000000000000000000000000010000100000000001000000000000100000000000000
5494449	0000000000000010000000000000000001000000000000000000010000000010000000000011000000000000001000000000000000000000000010000100000010000000000000000001000100000000000000010000000000000000000000010000000000000001100010000000000000000001000000000000000000010000000000010000101000000000000000000000000000000100000000000001000000000000000000000000000000000000000010001000000000000000001000000000000000000000000000010000000000000000000010000000000000000000000000001000000000000000000000000000100000010000000000000000000000000000000000010000000000000000000000001000000000000000010000000000000000000000000000000001000000000000000000000000000000000000000000000010000000000000000000000000000000000000010010000010000000000000010000000000001000000000000000000000000000000000000000000000000000100000010000001000000000000001000100000000000000000001010000000001000001000000000000000000000000010000000000000000110000100000000000000000000000000010000000010000000000000000000000000000000000000010000010000000000000000000000000000000000000010000
16725726	0000100000000000010000000000010001100000000000000000000010000000000000000000000010000000001000000000000000000000101000000000000000000000000000000101000000000000000000000000010000000000000000000000000100000000000000100000000010000000000000000000000000000000000000000000000000000000000110000000001000000100010000000000000000010000000100010000000000000000000010000000000000000000001000000000000010000000000000000000000010000001010010100101000000100000010000000000000000000010000000000000100000000000000000000000000100000010000001000000000000000000001000000000000000000000000000000000000000000000000000000000000000000000000000000000000000000000000000000100000010000000000000000010000000000000000000010010100000000000000100000000000000100000001000100000000000000000000000000000000000000000001000000000000000100001001000000000100000000001000000000000000001100000000000000000001000001000000010000001000000000000000000000000000000000010000000010000000000100000000000000000010000000000000000000000000000000000000000000000000000010000
11712649	0000010010000001001000000000000000000000000000000000000000000000100000000000000000000000000000000000000000100000001000000000000010000001000000000000000000000000000101000000010000000000000000010000000000000000000010001000000000000000000000000000000000000000000000000000000000000000000000000000000000000000000000000000000000010000000000000000000001000000100010000100000000000000001000000000010000000000000000000000000000000000000010000000000000000000000000001010000000000000000000000000001000010000000110000000000100000000000000000000000000010000100000000000001001100000000000000000000000000000000000000000000000000000000000001000000000000000000000000010000000010000000000000100000010000000000000000011000000000000000000000001101000000000000000000000000000000000000000000000000000000000000000000000000000000001100000001000000000000001000000000001000001000000000000000000000000010000010000000000010000000000100000000000000000000010000000000000000000000000000000000000000000000000000000000000000000000000000000000000000000000000
9933475	0000100000000100000000000000000001000000000000000000000000000000000000000100010010000000001000100000000000000000000000010100000000000000000000000000000000000000000000000000000000000000000000000000000000100000000000000000010000000000000000000000000001000000000000000000000000010100000000000000000000000000000000000001000000001000000001000000000000000000000010000000000000000000001000000000000000000010010000000000000000000100000010000000000000000000000000001010000000000000000000000000000001000010000000010000000010000000000000000000000000000000000000000010000000000000000000000000000000000000010000000000000000000000000000001000000000000000000000000000010000000000000000000100000000000000100000010011000000000000000000000100001000000000000000000001000000000000000000010000000000001000001000000000000000000000000000000000000000000000000000000100000001000000000000000000000000010010000000010000000000100000100000000001000000000010000000010000000000100000000000000000000000000010000000000001000000000000000000000000000000000001
6450551	0100000000000000000000000000000001000000000000000000000000000000101010000010000000010000001000000000000000000000000010010000000010010000000000000000000000000000000000000000000100000000000000000000000000000000000000000000000000000001000000000000000000000000000000000000000000000000000000000000000000000000000000000000000000000000000001000000000001000000000010000000000000000000011000000000000000000000000100100000000000000001010010100000000000000000100000000000000000000000000000001000001000000000000000000000000000000000000000000000000000000000000000001000000000000000100001000000000000000000000000000000000000000000000000000000000000000000000000000110000000000000000000000000000000000000000000100000000000000100000000000000001000000000000000000000000000000000000000100000000000000000000000000000000000000001000101000000000000000000000100000010000001000100100000000000000000010000000001000000010000000000000000000000000000000000001000000000000000000000000000000000000100000000010010000000000000000000000000000000000000000000
208908	0000000000000011000000000000000001000000001000000000000000000000100000000100000010000010000000100010000000010000010000000100000010000100100000000000000000000000000000000000000000000010000000010000000000100000000000000000000000000010000000000000000000100001000000000000000000000000000000000000000000000000000000000000000000000000010001000000000100000010000010000000001000000000001000000000000000000100000000000000000000000000000010000100000000000000000010000000000100000001000000000100000001010000000000000000000000000000000000000000100010000000000000000000010001000000000000000000100000000000000000000000000000000000000000000000010000000000000000100010000010010000000100000000000000000000000010010001000000001000001000001000001000100000000000000100000000000000000000000000000000000000001000000010000000000000000000000000000000000000000000000001000001000000000000000000000000010000000000001000000010000000100000100100000000000000000000000000000000100000000000000100001000000000000000000000000100000000000010000000000000000000
11617559	0001000000000000000000000000000001000000000010000000000000000000000000000000000010001000000000100000000000010000000000000000000000000000000000000001000000000000000000000000000000000000000000000000000000100000000000000000010000000000000000000000000001000000000000000000000000000000000010000000000000000000000000100000000000100100000000000000000000000000000010000000000000000000001000000000000000000000000000100101000000000000000010000101000000000000000000000000000000000000000000000000000000000000000000000000000110000000000000000000000000000000000000000010000000000000000000000000000000000000000000000000000000000000000000000000000001000000000000000000000000000000000000000000000000000000000000010000000000000000000000100000001000100000000000000100000000000000000000000000000000000100000000000000000000000000000000000000000000000001000000000100000001000000000000000000000000010000000000000000000000000000000000000000000000000000000000000000000010100000000000000000000000000001000000000000000000000000000000001000000000100000
42642645	0000000000000100000010000000000001001000000000000000010000000000000000000100000010000000001000100000000000000000000000000100000010000000001001000000000000000000000000000000000000000000100000010000000000000000000000000000010000000000000000000000000001000000000000000000000000000000000000000000000000000000000000100000000000000000000101001000000000000000000010000000000000000000001001000010000000000000000000000000100001000000000010000000000000000000000000001010000000000000000000000000000000000010000000000000000010000010000100000000000000000000000000000000000000000000000000001000000000000000010000000000000000000100000000001000000000000000000000110010011010000000000000000100000000000000100000010001000000000000000000000000001000000000000000000001000000000000000010010000000000001000000100001000000000000001000000001000000001000000000000000111000001000000000000000000000000010000000000010000010000000000100000000000000001000010000000010000000000100010000000000000000000000000000000000000000000000000000000000100000000000000
5287969	0000000000000000000000000000010001000000000000000000001000000000100000000000000000000000000000000000000000010000000000000100000000000100000000000000000000100000000000000000000100000000000000000000000000000001001000000000000000000000010000000000000000000000000000000000000000000000000000000000000000000100000000000010000000000000000010000000000000000000100010000000001000000000000000000000000000000000000000000000000000000000000000000000000000000000000000011000000000000000000010000000001000000000000000000000000000000000000000000000000000000000000000000000000001000000000000000010100100000000000000000000000100000000000001001000000000000000000000000010000010010000001000000000000000000000000000000000000000000000000000000000001000000000000100000001000000000000100000000000000000000000000000000000000000010001000000000000000000000000000000000000000001000000000000000000000000010000000000000000000000000000000000000000000010000010000000010000000000000000000100001000000000000010000000001000000011000000000000000000001000010000
123631	0000000000000100000000000000000001000000000000000000000000000000000000000100000010000000000000000000000000000000000000000100000010000100000000000000000000000000000000000000000000000000000000010000000000100000000000001000010000000000000000000000000001000000000000000000000000000000000000000000000000000000000000000000000000000000010001000000000100000000000010000000001000000000001001000000000000000000000000000000000001000000000010000000000000000000000000001010000011000000000000000000000001010010000000000000000010000000000100000000000000000000000000000000010001000000000000000000000000000000000000000000000000000000000000001000000000000000000000000000010010010000000000000100000000000000100000010001000000001000000000000000001000000000000000000001000000000000000000010000000000001000001000000010000000000000000000001000000001000000000000000101000001000000000000000000000000010000000000011000000000000000100000000000000000000010000000010000000000100010000000000000000000000000000000000000000000000000000000000000000000000000
10113978	0000000000000000000000000000000001000000000000000000000000000000000000001100000001000000000000000000000000000000000000000100000010000000000100001001000000000000000000000000000000000000000000010000000000000000000000000000000000001000000000000000000000000000000000000001000000000000000000000000000000000000000000000000000000000000010001000000000000000010000010000000000100010000001000000000000010000000100000000000000000000000000011000000000000000000000010000010000000100000000000000000000000010000000000000000000000000000000010000000000000000000000000000000001000100000000000000000000100000000000000000000000000000000000001000000000000000000000000000010000000000000000100000000000010000000000100010010000000000100000000000000001000000000000000100000000000000000000000000000000000000000000100000001000000000000000000000000000000000001010000000011000001000000000000000000000000010000010000000000001000000000000000000000000000000000000011010000000000000010000000001000000000000000000000000000000000000000000000000000000000000000
24889392	0000000000100100000000000000000001000000000001000000010010000000000000000001000010000000100000000000000000000000001000000100000010000000100000000000000000000100001000000000000000000000000000010010100000000000000000000000000000000000000000000000000010000000000000000000000000000000000000000000000000000000000000000001000000100000000000000000000000001000000010000001000000000000001001000000000010000000000000000000000001001000000010000000000000000000000000001010000010000010000001001000000000000100000000000000000000000010000100000000010000000000000000000000000100000000000000000000000000000000000000000000000000000000000000000000000000000000000000000010000010000000000000000011000001000001000000010000000000000000000000100000001000000000000000000000000000000000000000010000000000000000000000001000000000000011100000000000000001000001000000000001000001000000000000000000000000010000000001000000010010000000000000000000000000000010000000010000000001110010000000000000011000000000000010000000000000000100000000000000000000000000
16722836	0000100000100101000000000000000001000000000000000000000010000000100000000000000010000000000000000000001000000000001000000100000010000000000000000000000000000000000000000000000000000000000000010000001000000000000000000000000000000000000000000000000000000000000000000000000000000000000000000000000000000000000000000000000100100000010000000000001000010010000010000000000100000000001000000000000010000010000000000000000000000000000010000000000000000000000010001010000000000000000000000000000000010000000010100000000100000000000000000000010000000000100000000000001000100000000000011000000000000000000000001001000000000000000000000000000000000000000000000010000000000000000000000000000000000000000000010010000100001000000000100010001000000000000000000000000000000000000000010000100000000000000000000000000000000000100000000000000000000001000000000001000001000000000000000000000000010000000000001000000100000000000000000000000000000010000000010000010000000000000000000000000000000010000000000000000000000000000000000000000000000000
5328940	0000000000000110000000000000000001000000000000000000000000000000000000000110000010000010000000000000000000000000100000000100000010000000000000000000000000000000000000001000000000000000000000000000000010000001000010000000010000000000000000000000000001000000000000000000000000000000000000000000000000000000000000000000000000000000000001000010000000000000000010001100001000000000001001000000000000000000000000000000000000000000000010000000000000000000000000001010000000000000001000000000000000010010000000000000000110000000000000000000000000000000000000000000000001000000000000000000000000000000000000000000000000000000000000001000000000000000000000000000010000010000000000000110000000000000100000010000010000000000000000000000000000000000000000000001000000000000000000010000000001001000010000100000000000000000000000000000000000000000000000100100000011000000000000000000000000010000000000011000000000000000000000000000000000000010000001010000000000100000000000000000000000000010000000000000000000000000000000000000000000000000
3081361	0000000000000000000000000000010001000000000000000000000000000000000000000100000010000000000000000000000000000000100000000100000010000100000000000000000000000000000000000000000000000000000000000000000010100001000010000000010000000000000000000000000001000000000000000000000000000000000000000000000000000100000000000000000000000000000001010000000100000000000010000000000000000000001000000000000000000000000000000000000000000000010010000000000000000000000000001001000000000000000000000000000001010000000000000000000010000000000000000000000000000000000000000000000000000000000000000000000000000000000000000000000100000000000000001000000000000000000000000000000000000000000000000100000000000000000000010001000000001000000000000000001010000000000000000001000000000000000000100000000000001000001000000010000010000000000000001000000000000000100000000100000001000000000100000000000000010000010010000001000000000000100001000000000000000010000000010000000000100000000000000000000000000000000000000000000001000000000000000000000000010000
176155	0000000000000000000000000000000001000000000000000000000000000000000000000000000000000000001000000010000000000000000000010000000000000000100000000000000000010000000000000000000000000000100000000010000000000000000000000000000000000000000000000100000000000000000000000000000000000000000000000000000000000000000000000000000000010000000000000000000000000000000010000000000000000000001000010010000000000000000000000000000000000000000100100000000000000000100000000000000000000001000000100000000000000000000000000000000000000000000000000000000000000000000000001000000000000000000000000001000001000100000000000000000000000000000000000000000000000000000000100010000000000100011000000010000000000000000000000001000000000000000000000100001000000000000000000000000000000000000000000000000000000000000000000000001000000000000000000000000000000001000000000010000001000000000000000000000000000000000000000000000010000000100000000000010000000000000000000000000000000000000000000000000000000000000000000000000000000000000000000000000000000000
5329102	0000000010000000000000000000000001001000000000000000000000000000000000000010000010000000001000001000000000010000000000000000000010000000000000100000000000000000000000000000000000000000000000000000010000000000000000000000000000000000000000000000000000011100000000000000000000000000010000000010001000000000000000000010000000000000000000000000000000000000100010000000000000000000000000000010100000000000000000000000000000000000000000000000000000000000000000000000000100100000000000000000001000000000000000000000000000000000000000010000000000000000000000000000000000000000000100000000000000100010000000000000000000000000000010001000000001000000000000100010000000000000000100000000000000000000000010100011000000000000000000000100001000000000000000000000000001000000000000000000000000000000000000000000000000000001000000000000000000000000000000001000000001000000000000000000000000010000010000000000010000000000100000000000000000000001000010000000000000000000000001100000001000000000000000000000000000000000000010000000000000000000
3062316	0000000000000001000000000000000001000000000000000000000000000000100000000011000010000000000000000000001000010000000000000100000010000000000000000000000100000000001000000000000000000000000000000100000000000100100000000000011000000000000000000000000000000000000000000000000000000000000000000000000000000000000000001000000000000000000000000000000000000000000010001000001100000000001001010100000000000000000000010000000000010000000010000000000000000000000000001010010000000000010000000000101000010000000000000000000100000000000000010000000000000100000000000000000001000000010000000000100000000000000000000000000000000000000000000000000000000000000000000010000000010000000000000001000000000000000000000010001000000000000000000010001000000000000000000000000000000010000000010000000000000000000000001000001000000001000000000000000000000001000000000000000001000000000000000000000000010000000001000000010000000000000000000000000000000010000000010000000000000000000000000000000000010011000000000000000000000000000000000000000000000000
16038120	0100000000000010000000000000000001000000000000000000000000000000110000000000000000001000000000000000000000000000000000000100000010000000000000000000000000000000000000000000000100000000000000000000000010000001000010000000000000000000010000000000000001000000000000000000000000010000000100000000000000000100000000000000000000000000000000010000001000000010000010000000001000000000001000000000000010000000000000010000000000000000000010000010000010000000000010001010000000000000000000000000000000010000100000000000000110000000000000000000000000000000100100000001001001000000000000000000000000000000000000000100000000000000000000000000000000000000000000000010000000011000000000001000000000000001000000010100000000001000100000000100001000000000000000000000000000000000000000000000000000000000000000000000000001000000000000000000000000000011100000000100000101000000000000000000000000010000010000100000000000000000000000000000000000000010000000010000100000100000000000000000000000000000000000000000000010000000000000000000000000010000
11984591	1000000000010000000000000000000001001000000000000000000000000000100000000001000000000000001000000000000000000000000000000000000010000010000000000000000000010000000000000100000100000000000000010000000000000000000000000000000000000000000000000000000001100000001000000000000000000000001000000000000000000000000000000010000100001000000001000000001000000010000010000000000100000000001000000000010000000000000000000000000000000000000010000000000000000010010010001010000000000000000000000000000000010000000000000000000110000000000000000000000000000000100000000000001000100000000000010000000000000000100000000000000000000000000000000010000000000000000000000010000010000000000010000000000000000000000000010001000000001000010000001000001000001010000000000000010000000010000000000000000000000000000000010000000000000001000000001000000000000001000000000100000001000000001000000000100000010000010000000000000000000000100000000000000000000000000000000000000000100000000000000000000100000000000000000000000000000000000000000000000000000000
3025986	0000000000000000000000000000000001000000000000000000000000000000000000000000000010000000101000000000000000000000001010000000000010000000000000000000000000110000001000000000000000000000000000000000000000000000000000000000000010000000000000100000000000010000000000000000000000000000000010000000000000000100010000000001000000000000000000000000010000000000000010000000000000010000001100000100000010000000000000000000000000000000000010000000000000000000000000000000000000000010000000000000000000001000000000000000000100000000000000000000000000000000000000000000000000000000000000000000100000000000000000000000000000000000000000000000000000000000000000000010000010000000100011000001000000000000010000000000000000000000000000000000000000000000000000000000000000000010001000000000000000000000010000001000000000000001000000000000000000000000000000000000000001000000000000000100000000010000000000000000010010000000000000000000010000000010000000000000000000000000000000000000000000000010000000000000000000000000000010000000000000010000
9926791	0010000000000000000000000000000001000000000000000001000000000000010000001000000010000001001000000000000000000000000000000000000010000000000100000001000000000000000000000000000000000000000000000000000000000000000000000000000000000000000000000000000000000000000100000000000000000000000001000000000000000100000000000000000000000000000001000000000000000000000010001100000001000000001000000000000000000000000000000000000001000000000010000000000000000000000000001000000000000000000000010010000001000000000000000010000000000000000000000000000000000000000000000000000010000000000000000000000000000010000000000000000000000000000000000000000000000000000000000010100000000000000000000010001000000000000000000000000000000001000000000000001000000000000110000000000000000000000000000000000000000001001010100000000000000011000000000000000000000100000110000000000001000000000000000000000000000000010000000000010000000000000000000000000000000010000000010000000000000100000000000000000000000000000000000100000000000000000000000100000000010000
9809715	0000010000000010000000000000000001001000000000000000011100000000100000001010000010000000001000000000000000000000000000000100000010000000000100000100000000000000000000000000000100000000000000010000000000000001000010100000000000000000000000000100000000000000000000000000000000000100000000001000000000000000000000000010000000000000000000000000000000000100100010000100000000000000000010000000010000000000000000000010000000000000000000000000000000000000000000001000000000000100000000000000000100000000000000000000000000000000000000010000000000000000000000000000000000000100000000000000000000000000000000000001000000000000000000000000000001000000000000000010000000000000000000000100000010100000000100010001000100000000000000000000001010000000000100000000000000000000000000010000000000000000000000001000000000000001000000000000000000000000000000000101000001000000000000000000000000010000010000000000010000000000001000000000000000000010000000010000000000000000000000101100000000000000000000000000000000000000000000000000000000000000
17755052	0000000000000001000000000000000001000000000000000000000000000000100000100110000010000010001000001000000000000000000000010010000000110000000000000000000000100000001000000000000000000000100000000000000001000000000000000000000000000000000000000000000000000000000000001000100000000000000001000000000001000000000000000000000000000000000001000000000001000010100010000100000100000000001001000000000000000010000000010000000001000000000000000000000000000000100010001000000000000000000000000000000000000000000000000000000100000000000100000000000000000000000000001000000000000000000000000000000001000000000000010000000001000000000000000000000000000000000000000010000010000000000000000001000000000000000010000000000000000000000000000000001000000000000001000000000100000001000000010000000000000000100000000000000000000000000000000000000000000001000000000000000001000000000000000000000000010000000000000000000000000000000000000000000000000010000000010000000000000010000000000000001001000000000000001000000000000000000000000000001000000000
11667893	0000000000000000000100000000000001001000000000000000000000000000100000000000000010001000001000000000000000000000000000000000001010000000000000000000000000000100000000000000000000000000100000010000000000000000000000000000000000000000000000000000000000100001000000000000000000000000010000000000000000000000000000000000000000000000000000000100000000000000000010000000000000000000001000010000000010000000000000000000000000000001000010000000000000000001100000000000000000000000000000000000001000000100000000000000000000000000000000100000000000000000000000000000000000000000000000000001000000000000000000100000000000100000000000000000000000000010000000000010000000000000000000000000000000000000000000000000000000001000000000000000001000100000000000000000000000000000000000000000001000000000000000001000000000000001000000000000000000000000000000000011000101000000000000000000000000010000000000000000010000000000000000000000000000000010000001000000000000000000011010100000000100000000000010000000000001000000000000000000000000000000
