MLY,2r58,2.0
PRP,3c2f,1.9956786262173574
GF4,3g2y,2.0
3HP,3pce,2.0
TDR,4qsu,2.0
THM,4qsv,2.0
833,3ao4,2.070581074285707
AMP,4cs9,2.0969100130080562
PLS,2w8w,2.1249387366083
GV9,3gv9,2.1249387366083
2PG,4tim,2.161150909262745
GF7,3gqz,2.1739251972991736
DK5,3l7d,2.183758700008217
I2E,4ahr,2.1870866433571443
AKH,4ahs,2.193820026016113
2C9,4mre,2.193820026016113
RNS,1x8d,2.2104192878355744
5GP,4g0z,2.212539525481585
HCP,1m0n,2.221848749616356
FCB,2aac,2.221848749616356
CIT,4aci,2.221848749616356
OMD,1ajp,2.2328441339178196
BBY,3ao5,2.2291479883578558
149,3i3b,2.2291479883578558
PAE,1ew8,2.2596373105057563
BZX,3ao1,2.2596373105057563
2L1,4np2,2.2596373105057563
PEA,1uto,2.2740883677049517
ICO,4ahu,2.2676062401770314
KIF,1ps3,2.283996656365201
B85,3ip8,2.283996656365201
0HN,4ddk,2.2924298239020637
IPT,3dyo,2.3010299956639813
CIT,3kgq,2.3010299956639813
ABV,3mhw,2.2984320149440727
4HP,3pcg,2.3010299956639813
ADP,3rv4,2.3010299956639813
AMP,4g0y,2.3018994543766103
FB2,4jsz,2.3010299956639813
MPM,1m0o,2.309803919971486
CGB,4iie,2.337242168318426
GTC,3gtc,2.346787486224656
GZ2,3g2z,2.3565473235138126
149,3t0d,2.3665315444204134
2AM,6rnt,2.3665315444204134
8PA,3f6e,2.382999658879101
HMN,1f73,2.3872161432802645
964,1nwl,2.3872161432802645
U5P,3dxg,2.3979400086720375
DKZ,3l7b,2.396855627379818
CHT,1oba,2.4436974992327127
TAA,2i2b,2.4436974992327127
DK4,3l7c,2.4353339357479107
2AI,3mjl,2.4436974992327127
DKX,3l79,2.4609239012072233
0HO,4ddm,2.4559319556497243
MAE,1tok,2.468521082957745
PRA,1utl,2.4672456210075024
BEZ,1gyx,2.4814860601221125
0OC,4efk,2.494850021680094
1U5,4kz7,2.494850021680094
HAA,1ai4,2.5044556624535517
G30,3g30,2.5086383061657274
ADP,3bf1,2.5228787452803374
GF4,3gr2,2.5228787452803374
Z70,3mfv,2.5228787452803374
149,3vdb,2.518557371497695
C5P,4g0q,2.5228787452803374
LZ6,4hj2,2.530177984021837
LEU,3b3s,2.5528419686577806
MPV,3ovn,2.5528419686577806
LAT,1gwv,2.571865205971211
4AZ,3kgp,2.571865205971211
3GV,3gvb,2.585026652029182
ASP,4o3c,2.5900668766687054
MLZ,2r5a,2.6020599913279625
94W,4up5,2.6020599913279625
2MY,3f37,2.619788758288394
GPF,3fk1,2.616184634019569
AAN,1ajn,2.6345120151091
6P3,4i8x,2.638272163982407
ACP,3a1e,2.657577319177794
GSH,3lvw,2.6736641390712483
5H1,4b3c,2.6777807052660805
5MI,4b3d,2.6777807052660805
F01,3elc,2.694648630553376
EOP,2fzc,2.701146923590293
2KT,2uyn,2.6989700043360187
AEF,3bra,2.6989700043360187
MPJ,1pfu,2.721246399047171
3PP,2rkd,2.721246399047171
SIA,2qwb,2.7399286120149253
MLZ,2vyt,2.7351821769904636
TTN,4m6u,2.744727494896694
AMG,4ndu,2.744727494896694
VSO,1rql,2.7471469690201067
23B,4bt5,2.7644715530924513
DEZ,2bet,2.769551078621726
M3S,3fcq,2.769551078621726
1U1,4kz3,2.769551078621726
ABN,2bza,2.8013429130455774
C5P,3djx,2.8074604226852813
M4S,3lka,2.8239087409443187
4CS,3ppr,2.8239087409443187
BZI,4dsu,2.8239087409443187
CAQ,4k7i,2.8239087409443187
PGA,3moh,2.835647144215563
ZT2,3zt2,2.843148098929989
091,3udh,2.853871964321762
GTG,3qx8,2.8632794328435933
ZT4,3zt3,2.8616973018337184
LBT,4ouj,2.856985199745905
CLQ,1cet,2.886056647693163
3PG,1iih,2.886056647693163
BUA,1ugp,2.886056647693163
GF1,3g31,2.886056647693163
4ME,4b35,2.886056647693163
0XR,4gqq,2.886056647693163
NZ2,4kzb,2.886056647693163
5ZE,4llx,2.886056647693163
BTP,3c2u,2.9030899869919438
OGA,1h2k,2.9208187539523753
CIT,2fw6,2.9208187539523753
MLB,3alt,2.9244530386074694
RES,3k8c,2.9208187539523753
ADK,4ai5,2.9208187539523753
I2E,4ef6,2.9208187539523753
9ZE,4lm3,2.9208187539523753
3C1,4u4s,2.9208187539523753
AMC,1tng,2.9318141382538383
NGA,2vmc,2.939302159646388
TPR,1f4e,2.958607314841775
PLS,2w8j,2.958607314841775
DAL,3dhv,2.958607314841775
1CE,3g34,2.958607314841775
BZ3,3imc,2.958607314841775
9LI,4dst,2.958607314841775
24W,4mrg,2.958607314841775
3F0,4owm,2.962573502059376
RFP,2hw2,2.9706162223147903
ZSV,4ceb,2.96657624451305
MLR,3ckb,2.9829666607012197
UDP,3djq,2.9803022690198078
12G,4ibc,2.979224511806442
3EB,4bps,2.9913998282380825
DXG,1ecq,3.0
GYP,1ws4,3.0
TF4,2q8h,3.0
PGA,2rka,3.0
DSN,2v3u,3.0
BZ2,3ime,3.0
LZ1,4b2i,3.0
HSX,4l51,3.0021769192542744
MEW,4llk,3.00436480540245
A2P,4r3w,3.0
PEA,1utm,3.0123337350737254
U5P,4g0p,3.0087739243075053
MBG,2vmd,3.0222763947111524
RIP,1ogd,3.0315170514460648
CHT,2ha3,3.0315170514460648
SRO,3adv,3.0301183562535
8ZE,4lm2,3.0268721464003012
BEN,1rtf,3.0409586076789066
IPT,3t08,3.0409586076789066
DQT,3t1m,3.0409586076789066
MBN,4i7k,3.0433514207947967
JPZ,4lm4,3.0409586076789066
NAY,1f74,3.0457574905606752
R5P,1uj5,3.050609993355087
A5P,1uj6,3.050609993355087
0JD,4g5f,3.0457574905606752
LK1,2jfh,3.0604807473813813
C5P,1rnm,3.0735546521816106
OXL,3mof,3.065501548756432
192,1y1z,3.080398976215889
XYH,1ec9,3.0969100130080562
2DL,2xdl,3.1023729087095586
AEG,3buf,3.0969100130080562
ICF,3f78,3.0969100130080562
FYM,4cjr,3.1007268126823964
ZB6,4kz6,3.0969100130080562
PHT,3c2r,3.1079053973095196
WTZ,4bt3,3.1191864077192086
NZL,4cgi,3.123782159408358
NGA,1ax0,3.1272611725273314
ZMR,2ya7,3.1426675035687315
ABV,4b34,3.136677139879544
NTZ,1e6q,3.154901959985743
0JD,4de5,3.154901959985743
0W1,4fzj,3.154901959985743
1XS,4lw1,3.1487416512809245
SRO,2ymd,3.1592667653881934
DIE,3f34,3.161150909262745
GSH,1lbk,3.175223537524454
CSF,1ro7,3.1824346304402193
AEH,3bug,3.1804560644581312
UDP,3dxh,3.1870866433571443
5FU,3g1v,3.1904402853647325
SIA,4gzx,3.1904402853647325
SON,1s5z,3.207608310501746
PT1,1br6,3.2218487496163566
GOX,1e6s,3.2218487496163566
MMQ,1ew9,3.2218487496163566
ACR,1k1y,3.2218487496163566
HCI,1tog,3.2218487496163566
PMP,1zc9,3.2218487496163566
LDY,2ri9,3.2218487496163566
H33,2uy3,3.2218487496163566
PNX,3aru,3.2218487496163566
2FQ,4n5d,3.2168113089247425
IPT,1px4,3.2291479883578558
OM3,3zsy,3.2254830342714507
7ZE,4lm1,3.2291479883578558
TR7,4b2l,3.2441251443275085
BEN,1v2j,3.2471835688117285
ADP,3ta1,3.245651664288981
5NI,4lm0,3.2518119729937998
MQT,3t1l,3.2596373105057563
FAC,5yas,3.2596373105057563
A7D,3ioe,3.2676062401770314
PRL,1bcu,3.275724130399211
GHR,3d52,3.283996656365201
PL8,3tfu,3.283996656365201
N44,3zsx,3.2848326421515424
ANP,4fl1,3.283996656365201
BUQ,1d7j,3.3010299956639813
ROB,1phw,3.3010299956639813
PGH,1tpw,3.3010299956639813
NHE,2vw2,3.3010299956639813
ARU,3aaq,3.3010299956639813
S45,3hcm,3.3010299956639813
MS0,4ddh,3.3010299956639813
BEW,4jss,3.3010299956639813
MRW,4mrw,3.3010299956639813
2ZM,4msa,3.3010299956639813
2L2,4np3,3.3010299956639813
CIT,1i2s,3.309803919971486
FTA,1pzp,3.309803919971486
CBT,1pzo,3.318758762624413
IUR,2wk6,3.318758762624413
4D2,4cjp,3.317854923626168
BNZ,4i7j,3.318758762624413
OXE,188l,3.3279021420642825
GTP,1jlr,3.332547047110046
CLU,2pnc,3.33161408331
VXQ,4ab9,3.33161408331
54F,4b0b,3.3279021420642825
2KT,4b5t,3.3279021420642825
PYR,4b5w,3.3279021420642825
PFL,3f33,3.337242168318426
03V,4b32,3.337242168318426
QFH,4bt4,3.337242168318426
NTM,3c2o,3.3467874862246565
L14,3pwk,3.3467874862246565
1XM,4lkq,3.3467874862246565
HT5,2vc7,3.3638131048012756
S3G,4cj4,3.364516253185088
PXY,187l,3.374687549038326
FBA,1tnh,3.3665315444204134
BEN,1v2u,3.3695721249749764
TXS,3d8z,3.3736596326249577
A2G,3n35,3.3655227298392685
1NP,4b33,3.3665315444204134
EOB,2fzg,3.3767507096020997
MN0,3tay,3.3767507096020997
U5P,3w07,3.3767507096020997
HCI,1toj,3.3872161432802645
1FT,4ipn,3.3885953622884064
AZZ,4lhm,3.3872161432802645
ANP,1bxr,3.3979400086720375
9AM,1f8d,3.3979400086720375
OXN,1ikt,3.3979400086720375
BNZ,1l83,3.3979400086720375
ATP,1m83,3.3979400086720375
IFL,1uz4,3.3979400086720375
5RP,2vvp,3.3979400086720375
T3S,3d8y,3.402304814074488
913,4abe,3.3979400086720375
2PG,2v2c,3.408935392973501
NCN,2qtn,3.417936637088291
DAN,2sim,3.42021640338319
TPO,2w08,3.42021640338319
A4D,3iob,3.42021640338319
1XN,4llj,3.42021640338319
FA0,4n8q,3.42021640338319
SFB,2xog,3.431798275933005
ADN,3axz,3.4294570601181027
PEQ,4umc,3.4436974992327127
GLP,1moq,3.4559319556497243
IPT,3muz,3.4559319556497243
1OS,4k5p,3.462180904926726
39R,4tz2,3.4559319556497243
ATP,3ta0,3.4710832997223453
0QY,4epy,3.468521082957745
11E,4h42,3.4672456210075024
MNA,2p3i,3.4814860601221125
U,3g1d,3.4814860601221125
GDS,3gx0,3.4814860601221125
3NY,3nyd,3.4814860601221125
MCT,4k7n,3.4814860601221125
BAM,1c5o,3.494850021680094
ABN,1utn,3.493494967595128
N7P,4avs,3.492144128304169
PYR,4b5s,3.494850021680094
ES3,4i7p,3.4989407377822483
CTO,2r0h,3.5086383061657274
ADE,1jys,3.5228787452803374
PGA,2j27,3.5228787452803374
DAN,2vw1,3.5228787452803374
SAH,3lcu,3.5228787452803374
B3U,3mfw,3.5228787452803374
D1J,4eky,3.518557371497695
2ZV,4mrz,3.5228787452803374
IND,185l,3.537602002101044
ANH,1v2r,3.55445806563208
F6F,2cle,3.552841968657781
DAN,2qwc,3.552841968657781
88R,4aji,3.552841968657781
RNP,1h46,3.5686362358410126
NGT,1np0,3.5686362358410126
GLU,3ff3,3.5686362358410126
91B,4abg,3.567030709125594
K1T,4ck3,3.571865205971211
1DK,4ibb,3.5675117442294937
YHO,3dx1,3.576754126063192
ADE,1nli,3.5850266520291822
AMP,2gsu,3.5850266520291822
VXO,4cjq,3.5917600346881504
DSS,1d7i,3.6020599913279625
EOZ,2fzk,3.6020599913279625
QPU,2qpu,3.6020599913279625
XDK,2xdk,3.6020599913279625
A33,3b3x,3.6020599913279625
VPR,3g0i,3.6020599913279625
ORN,3jdw,3.596879478824182
ACR,3jzj,3.6055483191737836
GRI,3sk2,3.612610173661271
4AX,1pb9,3.6179829574251317
QD0,4bkt,3.619788758288394
21Q,4lyw,3.625251653989896
FHC,1gyy,3.6382721639824074
982,2azr,3.6382721639824074
PPF,2rk8,3.6382721639824074
QIC,4iuo,3.638272163982407
P84,4agl,3.6478174818886377
ADP,2qv7,3.6595558851598815
V15,2v00,3.657577319177794
AED,3buh,3.657577319177794
DHY,3pcn,3.657577319177794
149,3t2q,3.657577319177794
ADK,4aia,3.657577319177794
ANP,4fl2,3.657577319177794
X0P,4cig,3.669586226650809
1DL,4ibd,3.6683702823700677
8IG,1c3x,3.677780705266081
A5D,3ioc,3.677780705266081
A8D,3isj,3.677780705266081
2B4,4aje,3.677780705266081
PHE,4io7,3.6757175447023074
IKM,4isu,3.677780705266081
GNG,2a8g,3.688246138944246
U4S,3d7b,3.692503962086787
36Z,4tte,3.694648630553376
ATP,1gz4,3.6989700043360187
U,1loq,3.6989700043360187
PGA,1pdz,3.6989700043360187
BZS,1wht,3.6989700043360187
4CP,2bvr,3.6989700043360187
270,2fx6,3.6989700043360187
BDJ,3l59,3.6989700043360187
FA1,3n7a,3.6989700043360187
AMP,2vfk,3.712198270069774
PEQ,3fj7,3.709965388637482
3G3,3g32,3.712198270069774
MNP,1ai5,3.7235381958267557
ICT,1grp,3.7235381958267557
U2F,2am4,3.721246399047171
KDA,2r23,3.721246399047171
LB2,3f5l,3.7189666327522723
APR,3q6z,3.7166987712964503
LNO,4tln,3.721246399047171
3PG,3fjg,3.728158393463501
BAM,1f5k,3.744727494896694
MIY,2wq5,3.744727494896694
DL8,2pyi,3.7471469690201067
U2S,3d6p,3.7471469690201067
X09,2x09,3.7569619513137056
U3S,3d6q,3.7644715530924513
37N,4tu4,3.7569619513137056
2PG,2v2h,3.769551078621726
LAT,2y9g,3.769551078621726
AVX,3ao2,3.769551078621726
DKA,3nq3,3.7772835288524167
G3H,2clk,3.785156151952302
5MP,1li6,3.795880017344075
DCM,1nje,3.7958800173440754
512,2hb1,3.7958800173440754
149,3t09,3.795880017344075
88W,4ajl,3.7958800173440754
37A,2hu6,3.812479279163537
HNQ,3ai8,3.811352704000283
MJI,1hn4,3.8239087409443187
KOT,3g2h,3.820161071976813
SW1,4aba,3.815308569182401
X6C,4bks,3.8239087409443187
5PN,4keq,3.8239087409443187
BP7,4mmm,3.8239087409443187
BEN,1j16,3.844663962534938
ABN,1utj,3.8416375079047502
GDP,3lzz,3.835647144215563
MVL,2wzs,3.853871964321762
DUR,2yb0,3.853871964321762
149,3mv0,3.853871964321762
KIU,4kiu,3.853871964321762
Z89,3lbz,3.8601209135987635
B50,3spf,3.8601209135987635
1E7,4i9u,3.8632794328435933
NPE,1aj7,3.869666231504994
TDP,1v16,3.870310107800699
LEW,3g2l,3.8667805432675055
RAM,3w5n,3.869666231504994
U6M,3wjw,3.8728952016351923
2J5,4nbk,3.8664610916297826
B04,3si4,3.8787685448503786
27O,4mjp,3.882728704344236
EPC,1m0q,3.886056647693163
LOF,2ctc,3.886056647693163
D7K,3iae,3.886056647693163
ATP,3umo,3.889410289700751
VAB,4aj4,3.886056647693163
Z13,4nl1,3.886056647693163
HSM,1avn,3.9030899869919438
DI9,2gvv,3.9030899869919438
3MG,2qw1,3.9030899869919438
ADP,2vhj,3.9030899869919438
P83,2vuk,3.9030899869919438
2AN,2wor,3.9030899869919438
6AN,2wos,3.9030899869919438
051,2xpc,3.9030899869919438
2ZM,4n9c,3.899629454882437
ROC,4qgi,3.9030899869919438
TBN,1pr5,3.9208187539523753
LBT,3ap4,3.9208187539523753
SAL,3twp,3.9244530386074694
8HG,2a5b,3.9318141382538383
ATP,2cbz,3.9281179926938745
TDP,1v1m,3.939302159646388
NBV,2v3d,3.9355420107730814
PGA,4bi6,3.9457700901366026
5HU,1mrs,3.958607314841775
270,2fpz,3.958607314841775
PP5,2wec,3.958607314841775
3PG,3c39,3.962573502059376
516,3gt9,3.958607314841775
MYC,4gqr,3.958607314841775
NXG,4agn,3.9706162223147903
1D6,4ibg,3.96657624451305
TDP,1v11,3.9796387173522922
LPA,3b3c,3.978810700930062
P86,4agm,3.978810700930062
C3P,1rpf,3.987162775294828
N3E,2g8r,3.987162775294828
IPH,4i7l,3.987162775294828
1AN,1lgw,4.0
VPR,1nu3,4.0
PBN,1tni,4.0
TAT,1wc1,4.0
DHB,2buv,4.0
N3P,2ot1,4.0
OGA,2qrl,4.0
ACH,2rin,4.0
HI6,2whp,4.0
ACP,3a1c,4.0
KO2,3ijh,4.0
4NZ,3m8t,4.0
IPT,3vd9,4.0
0V5,4umb,4.00436480540245
BAM,1c5z,4.013228265733755
ANH,1v2w,4.009705553871561
D7K,3fzn,4.013228265733755
KIF,2wvz,4.017728766960432
MKY,3po1,4.022276394711152
AMP,2q8m,4.026872146400302
M09,2qrm,4.0338582672609675
RX3,2x96,4.026872146400302
F6P,3bxh,4.025304128090317
OCA,3nq9,4.033389013318065
2ZQ,4msn,4.026872146400302
ADP,1hi5,4.036212172654444
IPH,1li2,4.040958607678906
GSH,1r4w,4.045757490560675
HCI,1toi,4.045757490560675
AZ1,1tuf,4.050609993355088
HQ6,2w66,4.050609993355088
GPF,3fjz,4.045757490560675
D1X,3n8k,4.045757490560675
ATP,3qx9,4.045757490560675
F19,2clh,4.057495893831919
IDC,8a3h,4.055517327849832
HBU,1hyo,4.071604147743286
V12,2v2v,4.066512712151295
SAT,2rke,4.0835460514500745
BDI,2z1w,4.080921907623926
SPM,3kwa,4.075720713938118
IPH,1ai7,4.086186147616283
U3P,1o0n,4.086186147616283
OAK,3g2n,4.0915149811213505
ACR,4b9z,4.089375595110798
ADX,4fxp,4.094743951251549
ESP,1c5t,4.096910013008056
GMP,1odj,4.096910013008056
2CE,2bvs,4.096910013008056
32A,3gk1,4.096910013008056
A6D,3iod,4.096910013008056
IMP,1p19,4.114638779968488
ZIP,2exm,4.107905397309519
U1S,3d6o,4.113509274827518
TDG,3oyw,4.107905397309519
UD1,3v4t,4.113509274827518
12R,4ih5,4.107905397309519
ADP,3a1d,4.1249387366083
FG4,3ivc,4.1249387366083
BET,3mam,4.119186407719209
DN3,4de2,4.119186407719209
BES,4kxb,4.1249387366083
3N8,4whs,4.1249387366083
OZZ,3ozt,4.125518182300533
10P,3qto,4.126098402135539
2LP,4i7m,4.142667503568732
1D8,4ibi,4.136677139879544
MCO,1m2x,4.154901959985743
DPB,1q91,4.154901959985743
NVG,2v2q,4.147520006363144
ATP,2vt3,4.154901959985743
LYS,3a9i,4.150580586203101
GSH,3c8e,4.154901959985743
GOX,3d51,4.154901959985743
NGT,3sur,4.154901959985743
GNL,3sus,4.1487416512809245
7Z3,4abh,4.1487416512809245
11Y,4ibe,4.151195298948196
4A1,4kz4,4.154901959985743
B03,3si3,4.159266765388193
IPE,4jkw,4.1555228242543185
BEN,1v2s,4.167491087293763
LCS,4oma,4.167491087293763
GPJ,2qfu,4.180456064458132
CKI,3q2j,4.179798540514359
A2P,1hi3,4.1938200260161125
LEU,3b3w,4.187086643357144
5NS,3cft,4.1938200260161125
PNT,3cr5,4.1938200260161125
TRP,3f3a,4.188424994129407
P05,3sv2,4.1938200260161125
2J2,4n9a,4.1938200260161125
2LW,4nra,4.187086643357144
ESP,1c5y,4.200659450546418
OPA,1c87,4.200659450546418
BMZ,1ghw,4.200659450546418
U3P,1n3z,4.199282921717615
KDA,2r2b,4.200659450546418
UA3,3djp,4.199282921717615
02P,3qx5,4.197226274708024
ADN,1odi,4.207608310501746
IMP,1qk4,4.214670164989233
K2Q,4bqs,4.207608310501746
PGA,1kv5,4.221848749616356
1DM,1pzi,4.221848749616356
DHH,1t5f,4.221848749616356
AMP,1ua4,4.221848749616356
6HN,3f80,4.221848749616356
DPV,3kyq,4.221848749616356
SDS,4gny,4.221848749616356
ACP,4mo4,4.221848749616356
NOJ,2jke,4.229147988357856
CTS,2jkp,4.229147988357856
DXC,3zqe,4.229147988357856
RES,2bes,4.2441251443275085
BE2,3h78,4.2441251443275085
3CH,1li3,4.251811972993799
AMP,2qrk,4.259637310505756
98P,3qwc,4.2564902352715706
DXP,1m5w,4.267606240177032
GCU,2vzr,4.279014255846261
CTT,3f5j,4.2839966563652006
851,3gta,4.275724130399211
A8S,3jrs,4.2839966563652006
TMC,1e2l,4.288192770958809
BEN,1v2l,4.292429823902063
KEM,2wuf,4.292429823902063
ADP,4i3z,4.289882634888184
PGA,1amk,4.301029995663981
2GP,1det,4.301029995663981
F9F,2cli,4.301029995663981
IGC,2q7y,4.301029995663981
FG5,3ivg,4.301029995663981
SPV,3moe,4.301029995663981
IPT,3t0b,4.301029995663981
UD1,3upk,4.301029995663981
TEP,4eoh,4.301029995663981
1DE,4ibk,4.297569463554475
TDG,4jc1,4.301029995663981
EKZ,4k7o,4.301029995663981
CIT,4o61,4.301029995663981
SPA,1ajq,4.309803919971486
CFX,4kow,4.30715308072277
SCK,2ha6,4.318758762624412
FMA,2qtt,4.318758762624412
U3P,4rsk,4.324221658325915
3D8,4u43,4.318758762624412
TDP,1olx,4.326979092871104
DKY,3l7a,4.333294863880101
1D9,4ibj,4.327902142064283
1EJ,4ijh,4.327902142064283
DXC,1e3v,4.33970383972927
AMP,1z6s,4.337242168318426
AT3,2ha5,4.337242168318426
120,1ghv,4.346787486224656
ANN,1sv3,4.346787486224656
IMP,1yfz,4.346787486224656
BE2,4owv,4.346787486224656
SNP,1dy4,4.356547323513813
DHI,2ez7,4.361510743045363
N5P,3rsr,4.356547323513813
2J7,4nbn,4.356547323513813
NFL,1td7,4.366531544420414
4GU,4gu9,4.366531544420414
B2J,3b24,4.376750709602099
PAF,3guz,4.376750709602099
DKA,3u9q,4.379863945026242
PZM,2hjb,4.394694953858891
U2P,3djo,4.38933983691012
CR4,1p57,4.3979400086720375
NOJ,2pwd,4.3979400086720375
8NA,3wgg,4.399027104313252
SW2,4abd,4.3979400086720375
A22,4dy6,4.3979400086720375
OP1,4pp0,4.399027104313252
794,1no6,4.4089353929735005
TDP,1olu,4.405607449624573
CKI,2csn,4.4089353929735005
TYR,2ypp,4.4089353929735005
RSV,3rsx,4.411168274405793
0CU,3uxd,4.405607449624573
X8Z,4exs,4.4089353929735005
HPF,1tjp,4.42021640338319
L5V,4cc5,4.42021640338319
EP4,4ek9,4.42021640338319
DK2,2pu2,4.431798275933005
DUT,2we3,4.431798275933005
OPE,3kqr,4.434152181326483
2AN,3pxf,4.431798275933005
ANP,4axd,4.431798275933005
0LO,4dsy,4.431798275933005
1D5,4ibf,4.434152181326483
PHE,4jpy,4.431798275933005
1QK,4kcx,4.431798275933005
1AA,2amt,4.443697499232712
SAH,3u81,4.443697499232712
LGS,2wbg,4.453457336521869
0JN,4gki,4.46344155742847
1CG,4i8n,4.455931955649724
4PG,2r2w,4.468521082957745
9JZ,3hl5,4.468521082957745
DGJ,4cu8,4.4698003017969175
SAH,1qan,4.481486060122113
C2F,2ogy,4.478861916295964
99P,3p17,4.476253533188435
PPF,3t01,4.481486060122113
0K7,4dhl,4.481486060122113
2T9,4oks,4.481486060122113
A3P,1hi4,4.494850021680094
BEN,1j14,4.492144128304169
UDP,1o7o,4.494850021680094
BBP,3hl8,4.494850021680094
D8Y,3kmy,4.494850021680094
H05,4cwf,4.489454989793388
D1K,4el0,4.489454989793388
FOT,2eg8,4.497572880015567
DE3,3n7h,4.504455662453552
5LI,3sw8,4.498666821354434
120,1gi7,4.508638306165727
KDR,2r1y,4.508638306165727
GUS,3aas,4.508638306165727
BDP,3uug,4.508638306165727
K9S,4abb,4.508638306165727
0G0,4g90,4.511449283499556
DHZ,1ctt,4.522878745280337
FA1,1gu1,4.522878745280337
T5A,1mrn,4.522878745280337
GL1,1z4o,4.522878745280337
TRP,2a4m,4.522878745280337
ETY,2ra6,4.522878745280337
BEN,3gy7,4.522878745280337
CHT,3r6u,4.515700160653214
SIA,4gzw,4.522878745280337
RFZ,3h30,4.534617148551582
ADP,1amw,4.5376020021010435
PGA,1lyx,4.5376020021010435
APR,1szd,4.535212480354063
6CN,2zz1,4.5376020021010435
6CN,2zz2,4.5376020021010435
FG2,3iub,4.5376020021010435
PW1,4b76,4.5376020021010435
ATP,3b2q,4.552841968657781
C3P,3djv,4.554395796726403
LN6,3p8p,4.552841968657781
CHT,3ppq,4.552841968657781
HRD,3rr4,4.55206713440782
NOK,3suv,4.552841968657781
164,4myd,4.552841968657781
GP0,3sym,4.567030709125595
BFM,4fp1,4.568636235841013
PGA,4bi7,4.578396073130169
CSF,2ihj,4.590066876668706
BEU,2jiw,4.585026652029182
1AU,3f3t,4.585026652029182
CF1,3hp9,4.585026652029182
PC,3ujc,4.585026652029182
TLG,4c6u,4.591760034688151
0FT,4g8y,4.58838029403677
I18,4j74,4.585026652029182
CSN,1pa9,4.6020599913279625
4CM,1tx7,4.6020599913279625
LM2,1u33,4.6020599913279625
URF,1upf,4.6020599913279625
GLU,2pyy,4.6020599913279625
TDP,2v54,4.6020599913279625
TLM,2vb8,4.6020599913279625
P4T,2vba,4.6020599913279625
X0T,2x0y,4.6020599913279625
D7K,3d7k,4.6020599913279625
BPK,3vhk,4.6020599913279625
5FX,4bc5,4.6020599913279625
SAH,4jal,4.6020599913279625
2F6,4p58,4.6020599913279625
FLC,2bo4,4.609064892896621
SAH,3lgs,4.605548319173784
SER,4io4,4.610833915635467
A2G,4ocq,4.607303046740334
TP3,1f4f,4.619788758288394
8DA,2a5c,4.619788758288394
1C2,2f6t,4.619788758288394
LOG,2xm2,4.619788758288394
CE5,3f5k,4.619788758288394
PHE,3tk2,4.619788758288394
SDS,3u90,4.619788758288394
BUA,3umq,4.617982957425132
513,4abf,4.619788758288394
PC,3uj9,4.6307841425898575
1BW,4hzm,4.634512015109101
GA3,4psb,4.638272163982407
06P,3qtv,4.647817481888637
STL,4q93,4.651695136951839
3JG,4w9c,4.653647025549361
PIC,1bzj,4.657577319177793
BEN,1h4w,4.657577319177793
SPV,1m1b,4.657577319177793
GSW,2ca8,4.657577319177793
SCK,2ha2,4.657577319177793
GB6,3ddf,4.657577319177793
MS7,3mss,4.657577319177793
CVI,3vw1,4.673664139071248
0J9,4gkh,4.667561540084395
BAM,1c5p,4.6777807052660805
BST,1wn6,4.6777807052660805
DOR,1xge,4.681936665037238
C2R,2nsl,4.679853713888946
AZM,2uy4,4.6777807052660805
PHE,2ypo,4.6777807052660805
F13,3g35,4.6777807052660805
1WE,4lar,4.684029654543083
ADP,2rio,4.690369832574102
PC,3ujd,4.694648630553377
P51,4agp,4.686132779630847
27N,4mgd,4.69486368105636
33R,4tpw,4.688246138944246
ESI,1c5n,4.698970004336019
OPA,1c86,4.698970004336019
DAN,2cex,4.698970004336019
SRT,2dw7,4.698970004336019
MCO,2fu8,4.698970004336019
DTA,2i2c,4.698970004336019
A13,2qfo,4.698970004336019
AIR,3k5i,4.698970004336019
ACA,3kiv,4.698970004336019
JLZ,3nkk,4.698970004336019
GC2,3suw,4.698970004336019
I31,4j7d,4.698970004336019
1JR,4j93,4.698970004336019
1XT,4luz,4.698970004336019
LOC,4lzr,4.698970004336019
ANH,1v2t,4.708631149548418
M08,2qrh,4.707743928643524
I4B,184l,4.721246399047171
AT1,1vso,4.721703791908726
57D,3ebo,4.721017883134557
ILE,3f6g,4.721246399047171
17N,3r6c,4.721246399047171
ANH,1v2o,4.734003629504921
N8P,4ayu,4.730487055782084
BEN,1bty,4.735182176990463
UM3,1w4p,4.7447274948966935
ADP,2e2p,4.7447274948966935
AQP,2ov4,4.7447274948966935
ATP,3dnt,4.7447274948966935
1AW,3f3u,4.7447274948966935
SAM,3lcv,4.7447274948966935
1EP,4ih6,4.7447274948966935
18U,4jxs,4.7447274948966935
IMN,4kyk,4.7447274948966935
9GP,3g2j,4.747146969020107
BER,3vw2,4.747146969020107
Y27,1q8t,4.756961951313706
651,3acw,4.756961951313706
BR0,3o5n,4.764471553092451
AHN,2afw,4.769551078621726
BET,2b4l,4.769551078621726
OEV,3d50,4.769551078621726
613,3rm9,4.769551078621726
GTP,4kax,4.769551078621726
ADP,4uoh,4.769551078621726
GSY,4ad6,4.777283528852417
BEN,1oss,4.785156151952302
C2R,2nsj,4.787812395596042
LZQ,3eb1,4.787812395596042
SKY,3g2k,4.79317412396815
GP6,1bju,4.795880017344075
120,1ghz,4.795880017344075
521,2nta,4.795880017344075
KDA,3bpc,4.795880017344075
LL2,3dnd,4.795880017344075
OMD,4aq6,4.801342913045577
4ZE,4llp,4.795880017344075
L46,4lzs,4.795880017344075
5UD,4pb2,4.795880017344075
P74,4ago,4.809668301829708
THK,1aid,4.823908740944319
DUD,1dud,4.823908740944319
49A,1f8e,4.823908740944319
FA3,1v1j,4.823908740944319
GLU,1xff,4.823908740944319
ADN,2gl0,4.823908740944319
2AA,2gzl,4.823908740944319
CTS,2pwg,4.823908740944319
PGA,2ypi,4.823908740944319
G00,3kmx,4.823908740944319
14F,3r88,4.823908740944319
IPT,3vd4,4.823908740944319
XH2,4ciw,4.823908740944319
PDC,4ih3,4.818156412055227
MET,4io6,4.82102305270683
3AK,4kwf,4.823908740944319
GDP,3a1s,4.8297382846050425
RSZ,3r0y,4.837734385701978
ET,3vvy,4.835647144215563
PPY,4kif,4.835647144215563
DAT,4uof,4.835647144215563
N4B,186l,4.853871964321762
OAI,1c83,4.853871964321762
878,1ecv,4.853871964321762
PKF,1qji,4.853871964321762
NST,1xgi,4.853871964321762
4AM,2qwd,4.853871964321762
WH6,2r9x,4.853871964321762
STZ,2w4x,4.853871964321762
SX3,3cj2,4.853871964321762
MLZ,3f70,4.853871964321762
HDX,3ohi,4.853871964321762
SIA,3qnd,4.853871964321762
3RU,3ru1,4.847711655616943
147,3zyf,4.85078088734462
IFM,4iic,4.853871964321762
I29,4j7e,4.853871964321762
PFQ,2brb,4.863279432843593
RUG,3g2i,4.863279432843593
LMR,4ipj,4.869666231504994
GA3,4q0k,4.872895201635193
TPP,3exh,4.882728704344236
LYS,3lp4,4.882728704344236
C2E,3pju,4.882728704344236
AMQ,1p1q,4.892790030352131
NOJ,2j77,4.889410289700751
VBZ,2vo5,4.886056647693163
GIM,3d4z,4.886056647693163
UPG,3juk,4.889410289700751
GDS,3m8u,4.889410289700751
NJQ,3njq,4.886056647693163
8E9,4cd1,4.892790030352131
8PR,4l9i,4.886056647693163
QUE,3cf8,4.896196279044043
UP6,1km3,4.906578314837765
TPI,1bzc,4.920818753952375
CMG,1e1v,4.920818753952375
A32,1jqy,4.920818753952375
2PN,2haw,4.920818753952375
LZP,3eax,4.920818753952375
BHO,3uxk,4.931814138253839
GDP,4ido,4.9344202852715515
TMC,1e2k,4.943095148663527
EAA,2gss,4.939302159646388
4NM,2vo4,4.935542010773082
UDP,4dmw,4.943095148663527
TYR,4ts1,4.935542010773082
139,1jn4,4.94692155651658
X95,2x95,4.94692155651658
SAM,4bup,4.950781977329818
GDP,1dar,4.958607314841775
CR9,1o5g,4.958607314841775
UMP,1tsy,4.958607314841775
IFL,2vjx,4.958607314841775
F34,2w67,4.958607314841775
BG6,3bxg,4.959397659885927
WW8,3lbj,4.958607314841775
0GA,3veh,4.958607314841775
O4N,3zsq,4.962573502059376
FB2,4jsa,4.958607314841775
B55,3qbc,4.966576244513051
PHB,4e3g,4.97469413473523
UNF,2w47,4.978810700930062
3JK,4w9d,4.991399828238083
T6P,1byk,5.0
761,1c84,5.00436480540245
113,1hlk,5.0
FMC,1nc3,5.0
802,1o35,5.0
ZEN,1ql7,5.0
VIB,1sbr,5.0
STI,2oiq,5.0
MNI,2oym,5.0
PGH,2vxn,5.0
2AN,3cfn,5.0
NOJ,3gbe,5.0
TXT,3k02,5.0
BDE,2glp,5.013228265733755
P96,4agq,5.013228265733755
0J7,4dds,5.013228265733755
3C2,4u4x,5.008773924307505
FOL,2d0k,5.021819483062586
ATP,2xbp,5.017728766960432
LJH,3bgc,5.017728766960432
MYR,3usx,5.020907099361674
3JJ,4w9l,5.021363051615526
DM2,1i1e,5.026872146400302
ALA,4io5,5.032920265855503
I3P,4np9,5.026872146400302
03H,3tz0,5.036212172654444
KKN,4jym,5.043351420794797
04G,4lk7,5.040958607678906
ADN,1dgm,5.050609993355088
PUR,1fkw,5.045757490560675
429,1qxk,5.045757490560675
GZC,3aau,5.045757490560675
EVH,3s76,5.045757490560675
ABU,4euo,5.045757490560675
AKG,4oct,5.045757490560675
R2S,4rqv,5.045757490560675
PAA,2v77,5.060480747381382
GDM,2yge,5.064492734175287
91U,3f68,5.060480747381382
COI,4h7q,5.055517327849832
IDZ,2c3l,5.066512712151295
LTM,2xm1,5.070581074285707
LMR,2yfa,5.070581074285707
AJD,3juo,5.068033885271827
APZ,1enu,5.080921907623926
COL,1gfy,5.079876673709276
MTT,2qtg,5.080921907623926
C2E,3qyy,5.083019952679618
ARB,3tb6,5.075720713938118
FRG,1m48,5.086186147616283
SAH,1nw7,5.0915149811213505
GDM,2ygf,5.09366495819491
BPY,1kmy,5.096910013008056
968,1onz,5.096910013008056
MIU,1w7g,5.096910013008056
X1P,2h5a,5.096910013008056
S13,2qrq,5.102372908709558
23C,2r9w,5.096910013008056
PBZ,3gy4,5.096910013008056
PMX,3p4v,5.096910013008056
GPK,3syr,5.102372908709558
SAH,3ujb,5.102372908709558
GDP,4dcs,5.096910013008056
APQ,1k4h,5.113509274827519
UIZ,1yp9,5.113509274827518
EVA,3k4d,5.110698297493689
BGV,3ozj,5.113509274827519
TRP,1qaw,5.1249387366083
CCE,1uv6,5.120617362825658
PP4,2web,5.119186407719209
O2N,3zso,5.119186407719209
0RY,4f1l,5.119186407719209
WJ2,4h81,5.1249387366083
YZ9,1gcz,5.130768280269024
GLU,3s9e,5.129011186239425
UIB,1y3x,5.13578566953867
PFP,2br1,5.142667503568732
UMP,2yaz,5.136677139879544
PGH,3tao,5.137868620686963
IOP,4ejl,5.142667503568732
PAI,1jcx,5.154901959985743
C2P,1jvu,5.154901959985743
U2P,1o0m,5.1487416512809245
DSN,1pb8,5.153662887870195
5GP,1qk3,5.1487416512809245
MAQ,1s38,5.154901959985743
326,1thz,5.1487416512809245
1BN,2afx,5.1487416512809245
OZR,3ozr,5.153539174870668
HRI,4h85,5.154901959985743
PHE,4jpx,5.154901959985743
B2T,3b27,5.161150909262744
19U,2zfp,5.167491087293763
JUG,3b7j,5.167491087293763
683,4gkm,5.167491087293763
PLU,1ft7,5.180456064458132
M07,2qrg,5.180456064458132
ACR,3w37,5.175223537524454
RLI,4duh,5.180456064458132
CTS,4iif,5.180456064458132
AIN,1oxr,5.1938200260161125
2GP,1rnt,5.187086643357144
I38,2qdt,5.187086643357144
M0Z,4m0z,5.1938200260161125
14B,3uu1,5.200659450546418
GS9,4a6s,5.200659450546418
SAM,1nw5,5.214670164989233
CR9,1o2r,5.214670164989233
T62,4cwo,5.214670164989233
PP2,4few,5.2076083105017466
644,4m0r,5.2076083105017466
BHC,1bq4,5.221848749616356
136,1gjd,5.221848749616356
ZEN,1j17,5.218244625347531
CR9,1o5c,5.221848749616356
ADP,1ucn,5.221848749616356
UA3,1w4o,5.221848749616356
A2P,2gz2,5.221848749616356
302,2hxm,5.221848749616356
NA7,2wzm,5.221848749616356
ZXD,2zxd,5.221848749616356
LL1,3dne,5.221848749616356
IFS,3iof,5.221848749616356
TDP,3lq2,5.224025668870631
MS9,3ms9,5.221848749616356
F6P,3n1c,5.221848749616356
BET,3ppp,5.221848749616356
AR6,3q71,5.221848749616356
MTX,3qxt,5.221848749616356
CF9,4lrr,5.221848749616356
FR2,1ndw,5.229147988357856
LSA,2q38,5.22548303427145
IYX,3lc3,5.229147988357856
M77,1q8w,5.2441251443275085
PGA,1s89,5.236572006437063
003,2jfz,5.236572006437063
AHN,3pb8,5.240483240537812
DAO,3ueu,5.235823867609669
QCT,4gue,5.236572006437063
GNP,4idn,5.238824186844269
1ER,4ih7,5.236572006437063
GDP,4non,5.243363891754152
ADP,2bfr,5.249491605148654
SAM,3r24,5.252588192113577
UMF,1w4q,5.259637310505756
GPJ,2qft,5.259637310505756
TD4,3n9s,5.259637310505756
WZA,2x7u,5.272458742971444
017,3tkw,5.267606240177032
16Z,4jfs,5.267606240177032
AMR,1f5l,5.275724130399211
GDP,3bbf,5.2839966563652006
JZG,3o5x,5.2839966563652006
N7I,4e70,5.279014255846261
OTA,1c88,5.292429823902063
AMF,2wc4,5.292429823902063
FMB,1a69,5.301029995663981
PIB,1h6h,5.301029995663981
A3P,1o0f,5.301029995663981
MHB,1srg,5.301029995663981
C2B,2q7q,5.301029995663981
DAN,2vk6,5.301029995663981
APR,3gpo,5.301029995663981
RZX,3pgl,5.301029995663981
T44,1hk4,5.309803919971486
9PP,1lvu,5.318758762624412
1AC,1y20,5.318758762624412
LMR,4ipi,5.318758762624412
TRP,4us3,5.318758762624412
GTX,2c80,5.327902142064283
POY,3arx,5.327902142064283
OZS,3ozs,5.333014281670339
SER,3q1x,5.327902142064283
LHY,1hee,5.337242168318426
382,1zgi,5.337242168318426
ATP,3efs,5.337242168318426
1SD,3hkq,5.341988603342887
IHS,3k4q,5.337242168318426
B72,3nee,5.337242168318426
ZEN,1ql9,5.351639989019068
5GP,2fxv,5.346787486224656
PD2,2gkl,5.346787486224656
MFS,3hkn,5.345823458122039
ACD,1adl,5.356547323513812
3P1,3ldq,5.364516253185088
HJZ,3mf5,5.364516253185088
HUP,1gpk,5.366531544420414
MK1,1sgu,5.3731465853332745
2P0,3qt6,5.366531544420414
D1M,4el5,5.366531544420414
109,1g3e,5.376750709602099
DAO,2qhd,5.376750709602099
BSU,3e85,5.376750709602099
ADP,3tif,5.376750709602099
J1D,4f7v,5.380906669373258
PPX,1qbv,5.3872161432802645
3C4,2h6b,5.3872161432802645
2SD,3hkt,5.3872161432802645
BEW,3m1k,5.3872161432802645
1F1,4ej8,5.3872161432802645
UMP,1bp0,5.3979400086720375
DAN,1f8b,5.3979400086720375
SRS,1mmr,5.3979400086720375
BET,1r9l,5.3979400086720375
PGH,1trd,5.3979400086720375
FNZ,2c1p,5.3979400086720375
UBC,2f35,5.404503778174426
G1L,2i80,5.3979400086720375
MFU,2jdm,5.402304814074488
A91,2qg2,5.3979400086720375
PNX,3arr,5.3979400086720375
3B4,3b4p,5.3979400086720375
BET,3l6h,5.3979400086720375
X0R,4c5d,5.3979400086720375
17C,4ij1,5.3979400086720375
HCS,4m3p,5.3979400086720375
ADP,4ozj,5.3979400086720375
AVI,4pin,5.3979400086720375
GDV,2j47,5.4089353929735005
MVH,4tun,5.412289034981089
GZ3,4uma,5.4089353929735005
135,1gja,5.42021640338319
6CS,2vpo,5.42021640338319
PP1,4fev,5.42021640338319
GDP,4nxv,5.42021640338319
C2E,4f5y,5.431798275933005
2W2,4pox,5.431798275933005
I3P,1h0a,5.443697499232713
CPW,1syi,5.444905551421681
3IH,2q6f,5.443697499232713
SAH,2wr8,5.443697499232713
HAR,3lp7,5.443697499232713
CMP,3u10,5.443697499232713
0KK,4dju,5.443697499232713
7IG,2iko,5.447210149807218
LYS,3mi3,5.448550002027125
BHB,1q65,5.455931955649724
INZ,1g7f,5.468521082957745
BMZ,1gi1,5.468521082957745
R68,1xh5,5.468521082957745
GSP,2hf8,5.468521082957745
1B0,2xde,5.465973893943865
SAL,2y7p,5.468521082957745
2GQ,4n6g,5.468521082957745
2GQ,4n7m,5.468521082957745
3OL,1g85,5.481486060122113
CGB,2cbv,5.481486060122113
ADP,2zkj,5.481486060122113
13P,3bxe,5.476253533188435
PP0,3iw6,5.482804102050026
1KZ,4jfm,5.481486060122113
E1G,4kp8,5.47755576649368
M3N,4pf5,5.481486060122113
SPD,1pot,5.494850021680094
941,1pyn,5.494850021680094
TMP,1tys,5.485452247339714
509,2h4k,5.494850021680094
C0M,2o0u,5.494850021680094
H35,2uy5,5.494850021680094
017,3bvb,5.494850021680094
RGG,3ga5,5.494850021680094
CX4,3hmp,5.489454989793388
ADP,3i73,5.490797477668897
3JU,4w9f,5.485452247339714
TZG,3tza,5.501689446210399
WQP,2wqp,5.508638306165727
44U,3da9,5.508638306165727
GEN,3kgt,5.508638306165727
H6P,4k55,5.51427857351842
1YE,4qxo,5.505845405981558
GLS,1a8i,5.522878745280337
PPR,1kc7,5.522878745280337
GSH,1oe8,5.522878745280337
IQP,1ydr,5.522878745280337
BAR,2cht,5.522878745280337
KDO,3hzm,5.522878745280337
SDF,3iog,5.522878745280337
DN8,4de3,5.522878745280337
GT0,4en4,5.522878745280337
GP8,1bjv,5.537602002101044
ARG,2y7i,5.537602002101044
FBP,3bxf,5.542118103266008
ACR,3jyr,5.537602002101044
SL0,3ubd,5.537602002101044
ET,3v78,5.537602002101044
ADP,4nxu,5.537602002101044
1HA,4qij,5.537602002101044
3HS,4r4c,5.537602002101044
108,1g3d,5.552841968657781
DCM,1njc,5.552841968657781
D1H,2iuz,5.552841968657781
0CT,3uzj,5.549750891680639
TZN,4o3f,5.555955204081924
IFG,1jak,5.568636235841013
UMP,1njd,5.568636235841013
M25,2nmx,5.568636235841013
Pan,3bex,5.568636235841013
54H,3coz,5.568636235841013
CFI,3uxl,5.568636235841013
TCG,3vtr,5.566390156676282
AKD,3jup,5.580044251510242
SU3,3su5,5.579219380451435
MGS,1f4x,5.585026652029182
FHC,1mfi,5.585026652029182
P97,3sha,5.585026652029182
9VU,4bqh,5.58838029403677
6LV,4cwn,5.585026652029182
HPA,1vfn,5.6020599913279625
NP6,2wca,5.6020599913279625
BM3,2yhw,5.6020599913279625
BL1,3bl1,5.598599459218456
CW1,3e6y,5.6020599913279625
CHD,3qps,5.6020599913279625
08H,3u5j,5.609064892896621
AGB,1ejn,5.619788758288394
PDD,2bmk,5.619788758288394
HHG,3e3c,5.619788758288394
ABU,3ip9,5.619788758288394
3P1,3ldp,5.617982957425132
TDP,3lpl,5.621602099051862
B72,3nes,5.619788758288394
DN6,4ddy,5.619788758288394
IRG,4dli,5.619788758288394
WJ1,4dzy,5.619788758288394
NOJ,4iid,5.619788758288394
PNT,3gy3,5.627087997029894
PLM,3l1n,5.6307841425898575
FUZ,3rf5,5.6252516539898965
DCY,1f57,5.638272163982407
UIR,1y3v,5.638272163982407
RRT,1z9g,5.638272163982407
19A,2ojg,5.638272163982407
CHT,2reg,5.638272163982407
SAU,3arv,5.638272163982407
RJP,3n86,5.638272163982407
NAR,4deu,5.640164517660112
GNP,3q7q,5.646660904688695
PRM,1n5r,5.657577319177793
153,1nhu,5.657577319177793
HFS,2erz,5.657577319177793
RX4,2x97,5.657577319177793
API,3td4,5.657577319177793
FU4,3zi8,5.657577319177793
B19,2h15,5.670602120638957
G0G,2pqz,5.667561540084395
G20,2qwf,5.665546248849069
GTP,4ncn,5.673664139071248
U0E,1gnn,5.6777807052660805
TP6,2c92,5.675717544702308
CTS,2cbu,5.6777807052660805
NUP,2q8z,5.6777807052660805
SAM,2uyq,5.6777807052660805
12D,3b5j,5.6777807052660805
VZ5,3oil,5.6777807052660805
X0D,4c52,5.6777807052660805
KMP,4det,5.6777807052660805
D5X,4l4z,5.6777807052660805
PUT,1a99,5.698970004336019
PGA,1egh,5.698970004336019
PA5,1g98,5.698970004336019
UPF,1g9r,5.698970004336019
U55,1jsv,5.698970004336019
A3M,1n1m,5.698970004336019
6PG,1pgp,5.698970004336019
SAH,2a14,5.698970004336019
XTG,2f2h,5.698970004336019
6PR,2h3e,5.698970004336019
DRH,2i4z,5.7037737127388395
DAN,2ya6,5.698970004336019
673,3acx,5.698970004336019
DRL,3c4h,5.698970004336019
MVL,3d4y,5.698970004336019
GAB,3fhb,5.698970004336019
B95,3kku,5.698970004336019
6NT,4bs0,5.698970004336019
KAI,4f39,5.703334809738469
EAT,4j28,5.698970004336019
1V6,4l2l,5.698970004336019
J1D,4pzv,5.698970004336019
1YE,4qxq,5.701146923590294
XAN,2uz9,5.707743928643524
A94,2qg0,5.721246399047171
ASP,2v25,5.721246399047171
AGX,3jvr,5.723538195826756
B01,3shc,5.721246399047171
U85,4br3,5.721246399047171
0LL,4dkp,5.721246399047171
EMO,3bqc,5.732828271596986
3F5,3m3z,5.732828271596986
801,1o33,5.7447274948966935
132,1o5e,5.7447274948966935
IPZ,1qy2,5.7447274948966935
TIO,1zdp,5.7447274948966935
COC,2pgz,5.7447274948966935
RC1,2pqc,5.7447274948966935
BRN,3gy2,5.7447274948966935
FG6,3ivx,5.7447274948966935
PBD,3pb7,5.740645072691966
GDP,4lps,5.7447274948966935
LOC,4o2b,5.7447274948966935
G39,2ya8,5.752026733638194
QUS,1p1o,5.7594507517174005
TDP,2qta,5.756961951313706
9MT,4a95,5.761953896871205
PCG,4muv,5.7617029321246065
2QE,4nwc,5.7594507517174005
UMP,1jmf,5.769551078621726
ESI,1o5b,5.769551078621726
ARW,2boj,5.769551078621726
4F8,2xp7,5.769551078621726
MTT,3k00,5.769551078621726
3RM,3rm4,5.772113295386326
G9L,4fxq,5.769551078621726
2ZW,4q9o,5.769551078621726
1VY,4l4v,5.782516055786094
STE,1hmt,5.785156151952302
Y5H,2y5h,5.790484985457369
SAQ,4q4q,5.785447544765755
VIT,1kpm,5.798602875679548
4CS,2q88,5.795880017344075
0EY,4g8v,5.795880017344075
INF,1hdq,5.823908740944319
FEP,1kav,5.823908740944319
TDP,1ols,5.818156412055227
M28,2nn1,5.823908740944319
LPA,3b7i,5.823908740944319
FG3,3iue,5.823908740944319
TCH,3qqa,5.823908740944319
17C,3qqs,5.823908740944319
TZG,4dld,5.823908740944319
RWY,4e9u,5.823908740944319
ADP,4lj8,5.823908740944319
N6P,4p5d,5.823908740944319
3HW,4r4o,5.823908740944319
R1S,4rqk,5.823908740944319
DGJ,4do5,5.8297382846050425
TOP,4km2,5.844663962534939
AIQ,1k4g,5.853871964321762
847,1o2w,5.853871964321762
EQU,1ogz,5.853871964321762
BHI,1q54,5.853871964321762
688,1qbn,5.853871964321762
3HA,1u1w,5.853871964321762
ATP,2e5y,5.853871964321762
FSG,2pu1,5.853871964321762
G4G,2r3t,5.853871964321762
MVL,2vmf,5.853871964321762
TLD,2z94,5.853871964321762
3C4,3e5u,5.853871964321762
TBL,3ehy,5.853871964321762
9ZT,4b6r,5.847711655616943
57D,4des,5.853871964321762
1M1,4jv8,5.847711655616943
SAH,4qdk,5.853871964321762
NGW,4azc,5.860120913598763
ATP,4jne,5.860120913598763
8DQ,4cfl,5.876148359032914
NW1,1e1x,5.886056647693163
GTX,1ydk,5.886056647693163
DFZ,2brm,5.886056647693163
OTD,2eg7,5.886056647693163
IHP,3eeb,5.886056647693163
IMN,3h1x,5.886056647693163
L7A,3qgw,5.886056647693163
MYR,3uev,5.889410289700751
C57,4arb,5.886056647693163
0JB,4de0,5.886056647693163
2BA,4wk1,5.886056647693163
BBA,1v2n,5.903089986991944
GMY,2weq,5.896196279044043
CPB,3ebp,5.906578314837765
MFU,4csd,5.910094888560602
RBF,1kyv,5.920818753952375
FR0,1ndv,5.920818753952375
ADP,1o0h,5.920818753952375
TI3,1qf2,5.920818753952375
IQS,1yds,5.920818753952375
GDM,1yet,5.920818753952375
2AN,2ans,5.920818753952375
128,2pmk,5.920818753952375
ID8,2xn3,5.921543181946707
GEN,3kgu,5.920818753952375
G24,3neo,5.920818753952375
WOE,3r4m,5.920818753952375
NHG,3zv7,5.920818753952375
ZST,4kyh,5.920818753952375
6MD,4rdn,5.920818753952375
3A8,4u0f,5.920818753952375
9AR,1fv0,5.928117992693875
BMU,1kv1,5.935542010773082
GLU,3lmk,5.935542010773082
1K0,4mr3,5.942333896090171
FB1,2weh,5.948847477552619
989,1nl9,5.958607314841775
607,1o36,5.958607314841775
H52,1q8u,5.958607314841775
GTL,2j79,5.958607314841775
C0Y,2xht,5.958607314841775
0J6,4de1,5.958607314841775
2ZT,4msc,5.958607314841775
3JS,4w9i,5.958607314841775
GTL,1uwt,5.966576244513051
0UQ,4fm8,5.97469413473523
2KH,4nkt,5.966576244513051
GOX,1uwu,5.982966660701219
KD0,3e12,5.991399828238082
G97,3huc,5.987162775294828
NGW,4az5,5.991399828238082
13P,1ado,6.0
ESX,1c5s,6.0
AMH,1ceb,6.0
GDP,1d2e,6.0
PR1,1f0t,6.0
CYS,1ssq,6.0
TPG,1xk5,6.0
ISX,2bvd,6.0
MLR,2gh9,6.0
IMI,2izl,6.0
G3G,2r43,6.0
GDP,2rcn,6.0
15A,2vqt,6.0
BG6,2wf5,6.0
I5I,3ary,6.0
GB7,3ddg,6.0
MIG,3l4w,6.0
G24,3nex,6.0
AZM,3ucj,6.0
DAO,3uil,6.0
F1P,4bb9,6.0
2AK,4kwg,6.0
25G,4p3h,6.0
1YE,4qxr,6.00436480540245
BPO,1eb2,6.008773924307505
MNM,2vl4,6.010995384301463
2HN,4b6s,6.013228265733755
IM1,1tcw,6.017728766960431
53H,3coy,6.017728766960432
PFF,3f3c,6.022276394711152
SU3,3su6,6.018634490921456
2VK,4og4,6.021363051615525
BDD,1n8v,6.031517051446065
MNS,1okl,6.031517051446065
RIT,1sh9,6.030584087646019
PBD,4f9u,6.025028005701931
IX1,1xbo,6.036212172654444
CP6,4km0,6.040958607678906
435,4nuc,6.040958607678906
4NC,1eoc,6.045757490560675
LJG,3bgb,6.045757490560675
N11,3gus,6.045757490560675
EPU,3iss,6.045757490560675
AKG,3ouj,6.045757490560675
FHB,3pcf,6.045757490560675
C56,4ara,6.045757490560675
GLN,4kqp,6.045757490560675
1YZ,4m12,6.045757490560675
623,1qb6,6.060480747381382
RDA,2fxs,6.060480747381382
PRZ,2nnd,6.060480747381382
2TU,3sfg,6.062983892535186
ASP,4io3,6.060480747381382
D8X,4l50,6.055517327849832
UMP,1jmg,6.070581074285707
GPS,2gst,6.070581074285707
ATP,2w5g,6.0655015487564325
B2K,3b25,6.0655015487564325
BHK,3fvl,6.0655015487564325
1EL,3owj,6.0655015487564325
486,1nhz,6.075720713938118
AM3,2wc3,6.080921907623926
FB2,2wej,6.0762380391713
KAF,3bkk,6.080921907623926
DF3,3iw5,6.0762380391713
E1F,4kp5,6.079354998593212
762,1o2n,6.0915149811213505
EQU,1ogx,6.0915149811213505
36A,3p8z,6.086186147616283
AZM,1azm,6.096910013008056
PRZ,1dzk,6.096910013008056
BP3,1lgt,6.096910013008056
MNX,1m2q,6.096910013008056
C2F,2e7f,6.102372908709558
ZED,2ewb,6.096910013008056
7NH,2flr,6.096910013008056
43M,2p7a,6.103473782510445
PP6,2wed,6.096910013008056
DUP,2yay,6.096910013008056
FDF,3cke,6.096910013008056
MYR,3v2n,6.096910013008056
0ET,4gah,6.096910013008056
6K6,4kxn,6.096910013008056
DFL,4kzq,6.103473782510445
1UA,4l19,6.096910013008056
R5T,4r5t,6.096910013008056
R11,1g32,6.107905397309519
HNA,1m2p,6.107905397309519
312,1o2z,6.107905397309519
QN3,2qnq,6.113509274827519
PH2,2qx0,6.107905397309519
KAO,4kao,6.113509274827519
MTH,1nc1,6.1249387366083
SC1,1x8r,6.1249387366083
MP9,2p2a,6.1249387366083
FHN,2wvt,6.1220530483708115
SMD,4ayp,6.1220530483708115
1O8,4k4j,6.123782159408358
JCL,2c97,6.142667503568732
H1D,2fqt,6.142667503568732
ACX,2zym,6.136677139879544
E4P,1u0g,6.154901959985743
EIN,1zs0,6.154901959985743
01G,2r75,6.146301788223826
CTI,3arw,6.154901959985743
DRJ,2i4j,6.164436248330903
GSP,3m89,6.161150909262744
2Q8,4o04,6.161150909262744
HPA,1a9q,6.167491087293763
HOP,1d6v,6.173925197299173
IGN,1k1o,6.170696227168975
FR3,1ndy,6.167491087293763
4BC,1yc1,6.167491087293763
KAW,3bkl,6.168130225719499
B64,3hk1,6.173925197299173
G3P,4aq4,6.167491087293763
TG0,4b9k,6.173925197299173
DHB,4fht,6.173925197299173
MAB,4pfu,6.173925197299173
KAI,1xhy,6.1791420105603
A8S,3w9r,6.180456064458132
KR5,4q6e,6.175874166083451
CXA,1iy7,6.1938200260161125
GDP,1tq4,6.1938200260161125
ZEN,1v2k,6.187086643357144
MFU,2bt9,6.1938200260161125
SAH,2qbu,6.1904402853647325
08K,3u5l,6.1938200260161125
675,1owe,6.199970640755866
UI3,1sqt,6.200659450546418
SC3,2aj8,6.195179321278838
S06,2qrp,6.200659450546418
TCL,3p9t,6.200659450546418
9RA,4k6i,6.201349354554731
SUE,3sug,6.2076083105017466
GQG,4cg9,6.2076083105017466
DBD,1l8g,6.221848749616356
JPS,2xda,6.221848749616356
3F1,3acl,6.221848749616356
ALA,3ip5,6.221848749616356
KTL,3lpp,6.221848749616356
SAH,3p2e,6.221848749616356
HA5,3pd9,6.221848749616356
50Q,4bqg,6.221848749616356
1YL,4m0e,6.221848749616356
Y30,4mdn,6.221848749616356
2C1,4mjo,6.221848749616356
VZ4,3okv,6.229147988357855
TOP,3s3v,6.226945306635737
3JH,4w9j,6.230622673923862
SKF,1hnn,6.236572006437063
HQY,3vh9,6.236572006437063
U0E,1gnm,6.251811972993799
HSW,2o4z,6.247183568811728
49U,2zdn,6.250263684430939
FUN,3rf4,6.251811972993799
B29,3wqm,6.251811972993799
T3C,4bcp,6.245651664288981
DAN,1wcq,6.259637310505756
VX3,3bgz,6.259637310505756
SU3,3su4,6.2564902352715706
3J0,4r4t,6.259637310505756
MLR,4ua8,6.259637310505756
3P2,4wiv,6.259637310505756
DK1,1pbq,6.267606240177032
G15,2j94,6.272458742971444
R2P,3bfu,6.274905478918531
3HV,4r4i,6.267606240177032
ATR,1afl,6.2839966563652006
0KP,4djw,6.275724130399211
TC9,2xyt,6.293111605018383
ALA,3f48,6.29073003902417
NSY,3h8b,6.291579099865287
PLM,3v2q,6.292429823902063
0J2,4d8z,6.292429823902063
ADP,4lj5,6.292429823902063
2JA,4n7u,6.292429823902063
BPP,1d4p,6.301029995663981
HIS,1lag,6.301029995663981
GLN,1wdn,6.301029995663981
PTB,1wm1,6.301029995663981
DP6,2oi2,6.301029995663981
6CS,2q89,6.301029995663981
NCW,2vrj,6.301029995663981
GA4,3ebl,6.301029995663981
STJ,3k5v,6.301029995663981
DU4,3t70,6.301029995663981
0N5,4e1k,6.301029995663981
4SP,4eor,6.301029995663981
C2E,4etz,6.301029995663981
ADP,4oag,6.301029995663981
OP1,4pow,6.301029995663981
DCM,1nja,6.309803919971486
PQA,2bal,6.309803919971486
LYS,2pvu,6.309803919971486
D50,3q44,6.309803919971486
GLU,3u93,6.306273051076353
PLM,3uew,6.309803919971486
G39,4cpy,6.308609039611957
DGJ,4d1j,6.314258261397736
AGI,4der,6.309803919971486
OXZ,1w3j,6.315154638355588
TKT,2wnc,6.319664486585437
GK4,2zb1,6.318758762624412
BES,3ebh,6.320390428220244
MYR,3w9k,6.318758762624412
NIU,6upj,6.318758762624412
A4P,1ex8,6.327902142064283
910,2qbr,6.327902142064283
2J6,4nbl,6.327902142064283
IM1,1bdq,6.337242168318426
D16,1i00,6.337242168318426
4TR,1xq0,6.342944147142896
SX6,3cj5,6.337242168318426
H1I,3zk6,6.337242168318426
BZS,1cbx,6.346787486224656
130,1gjc,6.346787486224656
GI3,2j7f,6.351639989019068
ATP,2p09,6.346787486224656
012,3ckp,6.347753658996677
3CU,3ctt,6.346787486224656
EMO,3ed0,6.346787486224656
CWD,3rt8,6.345823458122039
ESI,1c5q,6.356547323513813
950,1o2o,6.356547323513813
VZ4,3oku,6.356547323513812
STE,3v2p,6.356547323513813
RTL,1gx8,6.366531544420414
GAN,1hbv,6.366531544420414
OLA,1hms,6.366531544420414
CIT,2qpq,6.366531544420414
TOP,2w9h,6.366531544420414
50U,2zdk,6.368556230986828
PLM,3qlm,6.3655227298392685
CX9,2ybu,6.376750709602099
XMP,1lol,6.3872161432802645
2YO,4q4p,6.389978975335855
PAI,1g7v,6.3979400086720375
COC,1i7z,6.3979400086720375
IPO,1igb,6.3979400086720375
LEU,1usk,6.3979400086720375
TMG,1yvm,6.3979400086720375
1AB,2g9q,6.3979400086720375
DUQ,2y8c,6.3979400086720375
45U,2zdl,6.39577394691553
DM5,3arq,6.3979400086720375
ADP,3k1j,6.3979400086720375
403,3kmc,6.3979400086720375
EVE,3s72,6.3979400086720375
DBH,3tf6,6.3979400086720375
4WF,3zll,6.403402904373539
QLW,4cga,6.3979400086720375
C2E,4eu0,6.3979400086720375
BB2,4je7,6.403402904373539
2CZ,4mss,6.3979400086720375
9HX,1i80,6.4089353929735005
CPW,1syh,6.405607449624573
P2N,2cgf,6.4089353929735005
QN2,2qnp,6.4089353929735005
GLU,2xxx,6.4089353929735005
46U,2zdm,6.413412695328245
P8D,3k5x,6.4089353929735005
5UM,3r17,6.4089353929735005
696,1o5a,6.42021640338319
GOX,2j78,6.4156687756324695
ATP,3d2e,6.42021640338319
598,2b07,6.431798275933005
HYI,2fqo,6.431798275933005
V3L,3v3l,6.431798275933005
2BA,4d3h,6.431798275933005
TSS,4ge1,6.431798275933005
SQO,4q4r,6.432738307646126
895,2jh5,6.43533393574791
P29,2pvm,6.443697499232713
0H7,4da5,6.443697499232713
RWZ,4ea2,6.443697499232713
JFK,4jfk,6.443697499232713
NNH,4q3u,6.443697499232713
1UD,4kwo,6.452225294612178
MNY,1m2r,6.455931955649724
DQU,1r5y,6.455931955649724
ROL,1ro6,6.455931955649724
XD9,2xd9,6.455931955649724
WOE,2xdx,6.455931955649724
BMU,3o8p,6.455931955649724
HA7,3pd8,6.458420756053419
M0Y,4m0y,6.455931955649724
2J9,4n07,6.455931955649724
XIL,1j01,6.468521082957745
X23,3cm2,6.468521082957745
EVJ,3s78,6.468521082957745
03L,3tfp,6.468521082957745
PBD,4mhy,6.465973893943865
TP4,1f4g,6.481486060122113
HUB,1gpn,6.476253533188435
ALL,1rpj,6.481486060122113
ZY7,2wnj,6.481486060122113
ANP,3g3r,6.481486060122113
VPU,3gsm,6.481486060122113
HAR,4q3t,6.481486060122113
NCH,1dl7,6.494850021680094
S2P,3bft,6.490797477668897
J43,3mho,6.494850021680094
MU2,3nw3,6.494850021680094
FNA,3s0b,6.494850021680094
19G,4hw3,6.494850021680094
F21,2g72,6.501689446210399
FBV,2weg,6.503070351926785
ARX,3bwj,6.496209316942819
A73,4kzu,6.504455662453552
29Q,4mme,6.497572880015567
2R7,4oc0,6.497572880015567
IN8,2usn,6.508638306165727
L81,2xjj,6.508638306165727
SX5,3cj4,6.508638306165727
ML0,3hf8,6.508638306165727
NF6,3wmc,6.508638306165727
ATP,4fut,6.508638306165727
ISA,1alw,6.522878745280337
TAA,1ct8,6.522878745280337
OLA,1g74,6.522878745280337
FM2,1k9s,6.522878745280337
PRZ,1qy1,6.522878745280337
CLR,1zhy,6.522878745280337
694,2h4g,6.522878745280337
M29,2nn7,6.522878745280337
902,2nt7,6.522878745280337
K17,2oxy,6.522878745280337
PCA,2pfy,6.522878745280337
10U,2zft,6.522878745280337
2NG,3bva,6.522878745280337
YTB,3dx3,6.522878745280337
MHI,3o9p,6.522878745280337
0C0,3uo4,6.52432881167557
0LM,4dko,6.522878745280337
0LJ,4dkr,6.522878745280337
2OH,2p7g,6.527243550682788
SKE,3ama,6.527243550682788
A3D,1drv,6.537602002101044
678,1o3l,6.537602002101044
SAM,2h21,6.537602002101044
12U,2zfs,6.542118103266008
SNX,3d0b,6.537602002101044
GLU,3fuz,6.5376020021010435
AGY,3jvs,6.537602002101044
TT8,3sr4,6.537602002101044
YFD,4a4v,6.542118103266008
TB7,4aqh,6.537602002101044
V50,4ht2,6.5376020021010435
1WK,4leq,6.540607512240769
ACR,4uac,6.540607512240769
3JO,4w9k,6.536107011014093
MTX,1dhj,6.55129368009492
ELA,1hmr,6.552841968657781
NGT,1hp5,6.552841968657781
REA,1n4h,6.552841968657781
43P,1yc4,6.552841968657781
AZM,1yda,6.552841968657781
784,2bok,6.552841968657781
GLU,2i3v,6.549750891680639
GLU,2xxr,6.552841968657781
EOL,3s0e,6.552841968657781
AJ4,4iue,6.552841968657781
2S6,4og3,6.54515513999149
13U,2zq2,6.559090917934782
Z25,4db7,6.5638373529592435
1WJ,4lbu,6.559090917934782
ADN,2fqy,6.568636235841013
PYR,2hzl,6.568636235841013
G3G,2pwc,6.568636235841013
SAH,3qox,6.568636235841013
E50,3sax,6.568636235841013
2CJ,3tfn,6.568636235841013
H24,4fs4,6.568636235841013
FD1,1k1i,6.578396073130169
OHT,2p7z,6.581698708680254
1BN,3pb9,6.581698708680254
NHR,1c3e,6.585026652029182
Q50,1izi,6.585026652029182
ZOL,2e91,6.585026652029182
P19,2pvh,6.585026652029182
G4G,2pwr,6.585026652029182
BA4,3gs6,6.585026652029182
BTJ,3t8v,6.585026652029182
1B0,4qnb,6.585026652029182
ATP,1b38,6.595166283380062
INX,1g7g,6.6020599913279625
MRC,1jzs,6.6020599913279625
2SK,2f7p,6.603800652904264
NB1,2j4g,6.6020599913279625
MFU,2jdp,6.6020599913279625
GLU,3dln,6.603800652904264
PRO,3ip6,6.6020599913279625
TOR,3lxe,6.6020599913279625
TMY,3v3q,6.6020599913279625
0LK,4dkq,6.6020599913279625
1K0,4mr6,6.600326278518962
2QS,4oc1,6.5951662833800615
PAP,1afk,6.619788758288394
GLU,1ii5,6.619788758288394
ANP,2ews,6.619788758288394
NTZ,2j7b,6.619788758288394
BTN,2jgs,6.619788758288394
BC2,2vwc,6.619788758288394
11U,3ljo,6.621602099051862
OAN,3ozp,6.619788758288394
DTQ,4btk,6.619788758288394
0X2,4gfo,6.619788758288394
PV0,4mpn,6.621602099051862
WZB,2x7t,6.634512015109101
YFE,2yfe,6.627087997029894
DM1,3f8f,6.627087997029894
1Q4,4k77,6.628932137728263
PLU,1lcp,6.638272163982407
INH,1sln,6.638272163982407
13A,2b1g,6.638272163982407
FIH,2d3z,6.638272163982407
MGI,2za0,6.638272163982407
B2L,3b26,6.638272163982407
QUS,3fee,6.638272163982407
NOY,2j75,6.647817481888637
S6I,3mzc,6.645891560852599
GNH,1a4r,6.657577319177793
CPM,1cps,6.657577319177793
655,1o3p,6.657577319177793
CK8,1pxp,6.657577319177793
8DG,1wur,6.657577319177793
GC2,2xj7,6.657577319177793
M5P,2yz3,6.657577319177793
CZ0,3pwd,6.657577319177793
VM2,3zj6,6.657577319177793
18F,4jv6,6.663540266151471
ESI,1c5x,6.6777807052660805
I3P,1mai,6.6777807052660805
NOS,2fqw,6.6777807052660805
M1S,2iwx,6.6777807052660805
024,2qbs,6.6777807052660805
N11,3ie3,6.6777807052660805
F1X,3o75,6.679853713888946
TSV,3su1,6.681936665037238
FM6,3zhx,6.6777807052660805
3ES,4ca8,6.6777807052660805
DXY,4ew2,6.6777807052660805
720,2jew,6.686132779630847
FUN,2xn5,6.688246138944246
FFO,1dfo,6.698970004336019
DPZ,1f3e,6.698970004336019
PAN,1koj,6.698970004336019
PPF,1nki,6.698970004336019
GLU,2a5s,6.698970004336019
K22,2oxx,6.698970004336019
DUP,2py4,6.698970004336019
PYU,3eko,6.698970004336019
J90,3mhi,6.698970004336019
NNO,3pck,6.698970004336019
OLA,3pgu,6.698970004336019
DUA,3t60,6.698970004336019
DU3,3t64,6.698970004336019
0VR,4ewn,6.698970004336019
JAK,4f09,6.698970004336019
GLU,4io2,6.698970004336019
GDP,4jyc,6.698970004336019
F4D,4jz1,6.698970004336019
1E0,4m13,6.698970004336019
QWS,4m14,6.698970004336019
BFQ,2f94,6.709965388637482
RTL,1rbp,6.721246399047171
MFU,2jdu,6.721246399047171
4CS,2vpn,6.721246399047171
8NC,2xc0,6.716698771296451
RCO,3aqt,6.721246399047171
GPR,3gst,6.721246399047171
KTL,3l4v,6.721246399047171
SSD,3l4z,6.721246399047171
0KM,4djv,6.721246399047171
JQ1,4flp,6.721017883134556
MBY,4i74,6.721246399047171
2P9,4o0a,6.721246399047171
IBC,1wvj,6.732828271596986
2WU,4pum,6.7256112044496215
3J4,4r5b,6.732828271596986
3JF,4w9h,6.732828271596986
1DA,1add,6.7447274948966935
PHE,1usi,6.7447274948966935
LPR,2x91,6.7447274948966935
22U,2zc9,6.7447274948966935
29U,2zgx,6.7447274948966935
ATP,3dgo,6.7447274948966935
IHP,3fzy,6.7447274948966935
E36,3m67,6.7447274948966935
VZ5,3oim,6.7447274948966935
3EF,4ca6,6.7447274948966935
DXZ,4ew3,6.7447274948966935
LM3,4f9y,6.735182176990463
SHH,4lxz,6.739928612014925
J9Z,3ikd,6.747146969020107
IK9,4cwt,6.747146969020107
IMH,2on6,6.764471553092451
693,1o30,6.769551078621726
334,1o3j,6.769551078621726
IQA,1om1,6.769551078621726
588,1ony,6.769551078621726
974,1qb1,6.769551078621726
GLU,3fas,6.767003889607846
9DX,3fvn,6.772113295386326
J45,3m40,6.769551078621726
TV2,4cwp,6.769551078621726
1YC,4loi,6.769551078621726
R48,3gcu,6.782516055786093
DSN,2rcb,6.787812395596042
TSV,3su0,6.790484985457369
2TA,4ogj,6.785156151952302
SPB,1fl3,6.795880017344075
ARL,1nq7,6.795880017344075
KAI,1p1n,6.795880017344075
K26,2xhm,6.795880017344075
BPX,3fx6,6.795880017344075
3HU,3s2v,6.804100347590766
2OJ,4nze,6.795880017344075
894,2uwp,6.812479279163537
RIP,1drk,6.823908740944319
CCR,1k1n,6.815308569182402
NLA,1lrh,6.823908740944319
653,1o38,6.823908740944319
DEG,1uwf,6.823908740944319
93A,2b1i,6.823908740944319
TSF,2c94,6.823908740944319
K32,2oxd,6.823908740944319
1UN,2pym,6.823908740944319
23N,2rfh,6.823908740944319
MGO,2v8w,6.823908740944319
3ES,2xyd,6.823908740944319
ACR,2zq0,6.823908740944319
MZB,3dx2,6.823908740944319
JS7,3m3x,6.823908740944319
EVG,3s75,6.823908740944319
E49,3s9t,6.823908740944319
NUE,4nue,6.823908740944319
3G1,4qy3,6.823908740944319
Y8L,2xnb,6.826813731587726
R56,1bhx,6.838631997765025
FJD,2y5g,6.835647144215563
642,3ewj,6.844663962534939
04J,4kn1,6.841637507904751
T87,1g30,6.853871964321762
NH1,1os5,6.853871964321762
COC,1q72,6.853871964321762
BCG,1qyg,6.853871964321762
P34,1xk9,6.853871964321762
CYS,1xt8,6.853871964321762
CA2,3n76,6.853871964321762
BB2,3pn4,6.853871964321762
1OM,4k3h,6.853871964321762
ARQ,3aid,6.863279432843593
3YY,3pyy,6.863279432843593
B69,2zcr,6.8696662315049934
P1Y,3qin,6.866461091629782
T5A,3tmk,6.8696662315049934
PBD,4mhz,6.872895201635193
4PP,1xka,6.882728704344236
611,3oe5,6.87942606879415
EAH,3u3u,6.875169850586141
T6Q,4bco,6.882728704344236
165,1sb1,6.892790030352131
IFL,1uz1,6.886056647693163
APR,2bfq,6.886056647693163
RIP,2dri,6.886056647693163
M0N,2e92,6.886056647693163
UBA,2f34,6.886056647693163
G3G,2r3w,6.892790030352131
GZL,2vk2,6.886056647693163
ATG,3hu3,6.886056647693163
LWG,3jya,6.885722703438414
NR3,3l4x,6.886056647693163
FU5,3r4n,6.886056647693163
GLN,4g4p,6.886056647693163
FD3,1k1l,6.903089986991944
52H,3cow,6.903089986991944
MS8,3gbb,6.899629454882437
GTP,3evd,6.906578314837765
T7Z,4bcm,6.910094888560602
U0E,1a9m,6.924453038607469
XN2,1k6v,6.920818753952375
656,1o2j,6.920818753952375
XMP,1pkx,6.920818753952375
BTN,1swr,6.920818753952375
CCT,2d3u,6.920818753952375
HV1,2uy0,6.920818753952375
BL0,3bl0,6.91721462968355
EEC,3lir,6.924453038607469
AZB,3r1v,6.920818753952375
STE,3uex,6.920818753952375
FBW,2weo,6.928117992693875
LM4,4f9w,6.943095148663527
IM1,1tcx,6.950781977329818
K9Y,4k9y,6.954677021213342
S98,4q4s,6.95233580539844
ADP,1atr,6.958607314841775
TK4,1c5c,6.958607314841775
133,1gj8,6.958607314841775
T87,1oyq,6.958607314841775
AE2,1x8j,6.958607314841775
TPP,3exe,6.958607314841775
IVH,3pn1,6.958607314841775
G8S,4cg8,6.958607314841775
1C1,4i54,6.958607314841775
GNP,4jyb,6.958607314841775
1SY,4loh,6.958607314841775
PCI,4rpn,6.958607314841775
SG6,3t84,6.97469413473523
IWD,1my4,6.978810700930062
C2E,3hv8,6.9821322810364945
HNV,4att,6.980468315468745
3TL,3slz,6.991399828238082
BTN,4bcs,6.987162775294828
PBD,4fai,6.994390554639719
GPX,1ch8,7.0
SB1,1fki,7.0
132,1gj6,7.0
PAO,1oth,7.0
K44,1zoh,7.0
HYA,2gyi,7.0
GI4,2j7g,7.0
TES,3kdm,7.0
NR4,3l4y,7.0
J75,3mhm,7.0
SG4,3t82,6.995678626217358
1GH,3zyu,7.0
3DQ,4b6o,7.0
LU2,4dew,7.0
2N6,4fcq,6.995678626217358
2FN,4n3l,7.0
U46,3nht,7.008773924307505
UIB,1ypj,7.022276394711152
LZH,2vwl,7.022276394711152
9HI,3cdb,7.019088062223156
DT7,3igp,7.024568191490737
WWZ,3n4b,7.017728766960431
PBD,3pbb,7.022276394711152
LZI,2vwm,7.031517051446065
FVQ,4av4,7.0254883072626715
M3R,3mtw,7.036212172654444
HCY,4p6x,7.040958607678906
BAB,1xug,7.045757490560675
IID,2bq7,7.050609993355087
RDC,2wer,7.045757490560675
3A1,3ahn,7.045275209020937
3A2,3aho,7.051098239029786
35C,3i4y,7.045757490560675
CTV,3s0d,7.045757490560675
10W,4h3j,7.045757490560675
URA,1ui0,7.055517327849832
DT9,3po6,7.0589857562944305
W2D,4cwq,7.055517327849832
AZM,1ydd,7.0655015487564325
NIA,2ate,7.0655015487564325
ZOL,2f9k,7.066006836168758
G39,3cl0,7.071604147743286
RYV,3ryv,7.0655015487564325
MDB,3u7k,7.071092309756048
2QM,4oc5,7.070581074285707
4TZ,1xpz,7.075720713938118
PLM,2hnx,7.080921907623926
3RP,3rlp,7.075720713938118
M7G,4emf,7.0762380391713
IMA,1lpg,7.086186147616283
RIS,1yq7,7.0851281824599495
346,2bz6,7.0915149811213505
419,3f7h,7.086186147616283
0X3,4ghi,7.0915149811213505
26C,2f7i,7.096910013008056
LIX,2il2,7.102372908709558
PRL,2v57,7.102372908709558
GDP,2wjg,7.096910013008056
BEY,3ebi,7.102372908709558
IX6,3hky,7.096910013008056
34M,3udd,7.102372908709558
XRX,3zdg,7.102372908709558
OAN,4azg,7.102098125731772
36I,4bny,7.096910013008056
UCA,4w97,7.096910013008056
03M,3u15,7.107905397309519
901,1nz7,7.119186407719209
5SA,1xd0,7.1249387366083
198,1z95,7.119186407719209
I7B,2pov,7.1249387366083
X2O,2x2r,7.1180450286604
GOO,3dx4,7.119186407719209
AKG,3hww,7.1249387366083
K26,4bzs,7.1249387366083
0J4,4daf,7.119186407719209
KAI,4e0x,7.119186407719209
UIN,5upj,7.1249387366083
780,1o3d,7.130768280269024
GI1,2j7d,7.130768280269024
W9Z,3zc5,7.130768280269024
HNR,4arw,7.130768280269024
2HN,4b6p,7.130768280269024
NHV,2vot,7.142667503568732
LC1,3ffp,7.139661993429006
N7O,3n7o,7.142667503568732
1SN,4ks4,7.142667503568732
CK6,1pxn,7.154901959985743
K37,1zog,7.154901959985743
GMP,2fqx,7.1487416512809245
QN1,2qnn,7.154901959985743
DEQ,3arp,7.154901959985743
79Z,3fql,7.1487416512809245
TD3,3n9r,7.154901959985743
AGS,4ko8,7.154901959985743
RPR,1f0u,7.161150909262744
MET,3f3d,7.161150909262744
1J5,4iva,7.164943898279883
R11,1g36,7.173925197299173
CR3,1o2h,7.167491087293763
C4H,2doo,7.173925197299173
89I,2i6b,7.167491087293763
ROC,3el4,7.17134010346468
QEG,3tsk,7.173925197299173
1E4,4i9h,7.167491087293763
2OQ,4o0x,7.167491087293763
1UN,2q63,7.180456064458132
985,2xj2,7.180456064458132
184,1fcx,7.1938200260161125
122,1gi4,7.187086643357144
HIS,1hsl,7.1938200260161125
OPB,1q7a,7.1938200260161125
FUN,1z9y,7.187086643357144
AZF,2j7h,7.187086643357144
HS6,3f19,7.186419011431808
UP6,3gdt,7.1938200260161125
N53,4app,7.1938200260161125
I7C,2pow,7.200659450546418
GG9,2pqb,7.200659450546418
TA9,2xii,7.198596289982645
IMI,3c79,7.200659450546418
NKX,3k2f,7.200659450546418
B3N,3mz6,7.200659450546418
G8M,4g8n,7.200659450546418
EAM,2yek,7.212539525481585
HS7,3f1a,7.213958789757446
EVI,3s77,7.214670164989233
0GX,3v7t,7.2076083105017466
FYZ,4av5,7.214670164989233
4VA,4b73,7.2076083105017466
LEU,1lan,7.221848749616356
BET,1sw2,7.221848749616356
NGT,2epn,7.221848749616356
1SA,2hnc,7.221848749616356
9OD,3cyz,7.221848749616356
EAH,3dzt,7.220403508742176
PFT,3k99,7.221848749616356
M35,3m35,7.221848749616356
E38,3m96,7.221848749616356
INO,3pcj,7.221848749616356
0CU,3uz5,7.221848749616356
0X2,4gfm,7.221848749616356
2OO,4o0y,7.221848749616356
TE1,3f8e,7.229147988357855
FK9,4avh,7.22548303427145
0KQ,4djx,7.229147988357855
1XV,4lxd,7.229147988357855
T87,1g2l,7.2441251443275085
FSN,1oyt,7.2441251443275085
MUV,2psv,7.236572006437063
J8Z,3ikg,7.2441251443275085
93N,3n3g,7.236572006437063
HTJ,3o84,7.236572006437063
3M3,3p3t,7.237246435066626
OAN,4azb,7.238899461041858
0UP,4fm7,7.2441251443275085
13W,4ha5,7.236572006437063
GIM,2ces,7.251811972993799
KR2,2ole,7.250263684430939
BAX,3gcs,7.251811972993799
J71,3mhl,7.251811972993799
3M1,3p3r,7.251424383069008
MTX,1dhi,7.259637310505756
K57,1mrx,7.259637310505756
S79,2qzr,7.259637310505756
DFU,2xib,7.258848401148215
NBB,3cz1,7.259637310505756
2MQ,3gc5,7.259637310505756
20Y,4ly1,7.2580609222708015
FK5,4nnr,7.259637310505756
1GD,4itp,7.267606240177032
C20,1hii,7.275724130399211
AAH,1kel,7.2839966563652006
GIM,2ceq,7.275724130399211
GAS,2cgr,7.275724130399211
TSS,2pql,7.275724130399211
MZ2,2qhz,7.275724130399211
WSH,2yel,7.279840696594043
8OG,3a6t,7.2839966563652006
TXQ,3fl5,7.2839966563652006
O7U,3o7u,7.2839966563652006
E65,3sbh,7.2839966563652006
UDB,3u7l,7.280668713016273
IZN,4alx,7.2839966563652006
ETS,4m2w,7.2839966563652006
5HI,3ccz,7.286509456906058
DJN,4do4,7.292429823902063
1GO,4iwz,7.292429823902063
907,1o3i,7.301029995663981
PBE,1sw1,7.301029995663981
SDA,1zge,7.301029995663981
618,2i3i,7.301029995663981
MZ4,2qi1,7.301029995663981
G50,2uxi,7.301029995663981
NHT,2vvn,7.301029995663981
PGH,3c52,7.301029995663981
P9B,3n0n,7.301029995663981
EAM,3p5o,7.296708621881338
5UN,3r16,7.301029995663981
E59,3s8x,7.301029995663981
A1R,4b1j,7.301029995663981
3G7,4qyy,7.301029995663981
1NH,1o1s,7.309803919971486
0C3,3uod,7.309803919971486
4BI,4nyf,7.309803919971486
TI1,1qf1,7.318758762624412
IQB,1ydt,7.318758762624412
GI2,2j7e,7.318758762624412
O40,3ipu,7.318758762624412
NNH,3kv2,7.323214969580794
ROC,3pww,7.318758762624412
VHS,4c9x,7.318758762624412
GSQ,2j2u,7.327902142064283
I50,2r2m,7.326979092871103
MVL,4ayq,7.327902142064283
NCT,1uw6,7.3448615651886175
730,2gv6,7.337242168318426
OAN,2vvs,7.337242168318426
WSH,2ydw,7.337242168318426
G13,3f7i,7.337242168318426
SLB,4mnp,7.341988603342887
667,1ttm,7.346787486224656
CWD,3rtf,7.346787486224656
OAN,3s6t,7.346787486224656
TSV,3su2,7.348721986001856
XRS,3zdh,7.346787486224656
XN3,1k6p,7.356547323513812
BTN,1swg,7.357535479757878
3EF,4ca7,7.356547323513812
10N,4gu6,7.356547323513812
WW3,4q6d,7.361510743045363
EG2,1cnx,7.366531544420414
ITS,1fao,7.366531544420414
AMQ,3dp4,7.366531544420414
389,3f7g,7.366531544420414
JDR,3m5e,7.366531544420414
PP8,1bxq,7.376750709602099
TI2,1qf0,7.376750709602099
MZ3,2qi0,7.376750709602099
15U,4hfp,7.376750709602099
FGH,4o07,7.376750709602099
BT3,1d3p,7.3872161432802645
DHJ,2hzy,7.3872161432802645
DWH,3mna,7.3872161432802645
IT5,3p5l,7.38933983691012
1T7,4na9,7.3872161432802645
ITS,1b55,7.3979400086720375
RIP,1drj,7.3979400086720375
4AM,1f8c,7.3979400086720375
FD4,1k1m,7.3979400086720375
AZN,1oar,7.3979400086720375
239,1owh,7.3979400086720375
434,1r6n,7.3979400086720375
K25,1zoe,7.3979400086720375
3IN,2bpy,7.400116927926312
830,2zy1,7.3979400086720375
HS5,3f18,7.403402904373539
TO1,3re4,7.3979400086720375
3RQ,3rlq,7.3979400086720375
0C8,3up2,7.3979400086720375
VHA,3vha,7.3979400086720375
FM8,3zi0,7.3979400086720375
N4A,4jyt,7.3979400086720375
N4C,4jzi,7.3979400086720375
MTX,4kn0,7.3979400086720375
PGH,1ik4,7.4089353929735005
ARG,2q2a,7.4089353929735005
DGJ,3s5y,7.407823242604133
NU7,3zns,7.4089353929735005
AJ6,4j21,7.4089353929735005
Q7M,4p5z,7.405607449624573
V3L,4qpl,7.4089353929735005
TMU,1q5k,7.42021640338319
OHH,1t32,7.42021640338319
I7A,2pou,7.42021640338319
SY9,2xys,7.42021640338319
RYY,3ryy,7.42021640338319
QMQ,3zm9,7.42021640338319
AQZ,2bak,7.431798275933005
PGH,2isw,7.431798275933005
D9H,3mmf,7.431798275933005
2Q9,4o05,7.431798275933005
PZZ,4qgd,7.431798275933005
DPS,1ciz,7.443697499232712
806,1qb9,7.443697499232712
SHY,1vzq,7.443697499232712
MSN,2f7o,7.443697499232713
OAN,2oxn,7.443697499232712
4B3,2qbq,7.443697499232713
G4G,2r38,7.443697499232713
NU9,3znr,7.443697499232712
J73,4avj,7.437707135543525
BZ1,4m2v,7.443697499232712
FLU,1n0s,7.453457336521869
RBF,2ccb,7.44660248987612
FHF,3u7m,7.454692883534176
OAN,4azi,7.449038247701824
UI2,1sqo,7.455931955649724
PGG,1yei,7.455931955649724
PNF,1yej,7.455931955649724
FTS,2g71,7.455931955649724
NNG,2p53,7.455931955649724
BIX,3fed,7.460923901207224
SRA,3ocz,7.455931955649724
BTN,3t2w,7.455931955649724
378,4cpr,7.455931955649724
0JP,4dff,7.455931955649724
2YM,4q4o,7.464705879957229
R69,1xh4,7.468521082957745
610,3oe4,7.468521082957745
3OX,3own,7.468521082957745
Z5A,5tmp,7.468521082957745
MK1,1k6c,7.481486060122112
MXA,1u71,7.481486060122112
MZ1,2qhy,7.481486060122112
GNA,2qwe,7.481486060122113
L3L,3l3l,7.481486060122112
KAI,3u92,7.484126156288321
GNQ,2hhn,7.494850021680094
BB2,3m6r,7.494850021680094
TZ1,3nyx,7.494850021680094
MGP,4emr,7.493494967595128
V78,4cpw,7.501689446210399
LZG,2vwo,7.508638306165727
JT5,3n2v,7.508638306165727
G52,4hdp,7.510041520575165
SPD,4qf8,7.508638306165727
FLF,1bm7,7.522878745280337
ORN,1lah,7.522878745280337
R37,1lf2,7.522878745280337
DOG,1lke,7.519993057042849
RRS,1mmq,7.522878745280337
FR4,1uml,7.522878745280337
ZEC,1zfq,7.522878745280337
PIR,2mas,7.522878745280337
PY9,3ekr,7.522878745280337
ML4,3hfb,7.522878745280337
STU,3hmo,7.515700160653214
DSK,3l4u,7.522878745280337
E27,3myq,7.522878745280337
3RR,3rlr,7.522878745280337
BTX,4dq2,7.522878745280337
39D,4ty6,7.522878745280337
GNF,2f1g,7.5376020021010435
V13,4hu1,7.5376020021010435
STL,4qer,7.5376020021010435
FD2,1k1j,7.552841968657781
CBB,1lpk,7.552841968657781
283,2oi0,7.552841968657781
XJ1,2xj1,7.552841968657781
SLB,3b50,7.552841968657781
C1H,3ni5,7.552841968657781
RZ0,3rz0,7.552841968657781
N6A,4asj,7.552841968657781
J96,4ngn,7.55129368009492
3HI,3cct,7.562249437179612
SUE,3suf,7.555955204081924
PAL,1d09,7.568636235841013
PUA,1qhc,7.568636235841013
MK1,2avs,7.568636235841013
1UN,2pyn,7.568636235841013
6HI,3cd0,7.570247719997592
965,3ipq,7.568636235841013
CMP,3ocp,7.568636235841013
Q6W,3q6w,7.568636235841013
STE,4fnn,7.565431095965801
7CH,4nvp,7.568636235841013
31V,4pmm,7.568636235841013
8HI,3cda,7.580044251510242
FRP,2fdp,7.585026652029182
XNW,2xb8,7.585026652029182
3M2,3p3s,7.585026652029182
E2I,3sap,7.585026652029182
A09,3t5u,7.585026652029182
GIF,4cu7,7.585026652029182
CMB,1lpz,7.6020599913279625
IYZ,2c3i,7.6020599913279625
227,2o8h,7.6020599913279625
35B,2zmm,7.6020599913279625
BDL,3ehx,7.6020599913279625
25P,3fh7,7.6020599913279625
AAQ,3gc4,7.6020599913279625
G11,3iph,7.600326278518962
BES,3kr4,7.6020599913279625
RUP,3liw,7.6020599913279625
P58,3p58,7.595166283380062
R4M,4m8h,7.6020599913279625
73B,4uyf,7.6020599913279625
AMQ,1ftm,7.605548319173784
O60,3ibn,7.610833915635467
OAG,4g95,7.61261017366127
GDP,1fzq,7.619788758288394
XN1,1k6t,7.619788758288394
915,1yqy,7.619788758288394
3TL,2p3c,7.619788758288394
MUU,2psu,7.619788758288394
P55,2pvl,7.619788758288394
P04,3be9,7.619788758288394
LTC,3o4k,7.619788758288394
0J0,4dbm,7.619788758288394
BAI,1c1r,7.628932137728264
XNS,4avi,7.627087997029894
BAB,1c1v,7.638272163982407
I48,1uvt,7.638272163982407
BO1,2hl4,7.638272163982407
NBB,3d78,7.638272163982407
AMQ,3fat,7.642065152999546
NSX,3h89,7.638272163982407
I47,3hl7,7.638272163982407
724,3l0v,7.638272163982407
JRG,3sjf,7.638272163982407
T6C,4rpo,7.642065152999546
RS2,966c,7.638272163982407
815,1f0r,7.657577319177793
515,1nny,7.657577319177793
F25,2cn0,7.657577319177793
CWB,2yme,7.657577319177793
1LH,4b74,7.657577319177793
0NT,4e5w,7.657577319177793
0RT,4gq4,7.657577319177793
HIS,4oeu,7.657577319177793
1IN,2bpv,7.673664139071248
991,1o2q,7.6777807052660805
14A,1t4v,7.6777807052660805
SI1,1w0z,7.6777807052660805
OIN,2arm,7.6777807052660805
CYS,2yln,7.6777807052660805
HT1,3f8c,7.6777807052660805
B49,3miy,7.6777807052660805
ZMR,4cpz,7.680893940690224
PGH,4del,7.675717544702307
U0E,1gno,7.698970004336019
Q50,1izh,7.698970004336019
DMP,1mes,7.698970004336019
MS1,1oz0,7.698970004336019
AQO,1s39,7.698970004336019
CMU,1uou,7.698970004336019
FA4,2d1o,7.698970004336019
ATP,2hmu,7.698970004336019
ADP,2hmv,7.698970004336019
GVR,2ves,7.698970004336019
REF,2zjw,7.698970004336019
BIR,3b7r,7.698970004336019
MCF,3ewc,7.698970004336019
LEU,3f3e,7.698970004336019
B49,3g0e,7.698970004336019
45C,3i51,7.698970004336019
P7I,3p7i,7.701146923590294
9Y9,3th9,7.698970004336019
7YG,4acc,7.698970004336019
1T8,4cpt,7.698970004336019
0VB,4fsl,7.698970004336019
2R6,4o09,7.698970004336019
T5A,4tmk,7.698970004336019
Z79,3lk8,7.705533773838407
SLB,4mmp,7.705533773838407
NMB,1ajv,7.718966632752273
EG1,1cnw,7.721246399047171
001,1j4r,7.721246399047171
IFM,1oif,7.721246399047171
1UN,3el5,7.723538195826756
ZGA,3vjc,7.723538195826756
YFB,4a4w,7.721246399047171
RDC,4egk,7.721246399047171
EEF,3ljg,7.730487055782084
PR2,1f0s,7.7447274948966935
LPR,1j36,7.7447274948966935
R36,1lee,7.7447274948966935
RRP,1nfu,7.7447274948966935
711,1qbo,7.7447274948966935
L08,1rd4,7.73754891026957
IM1,1sbg,7.7447274948966935
BES,1txr,7.7447274948966935
IN9,1usn,7.7447274948966935
LZK,2v59,7.7447274948966935
KEL,3b7u,7.7447274948966935
R21,3nb5,7.7447274948966935
E3P,3tvc,7.7447274948966935
HNW,4auj,7.73754891026957
AGV,4i71,7.7447274948966935
AJ7,4j22,7.7447274948966935
2W0,4pp5,7.7447274948966935
LFN,2ccc,7.755228238504705
X16,4hwp,7.764471553092451
R69,1xh9,7.769551078621726
HNT,2g70,7.769551078621726
894,2jh6,7.769551078621726
TDZ,2qm9,7.769551078621726
017,3cyw,7.769551078621726
LIZ,3dsz,7.767003889607846
B41,3gm0,7.769551078621726
PFU,3mi2,7.769551078621726
085,3tzm,7.769551078621726
G39,4gzt,7.769551078621726
KGM,4lov,7.767003889607846
3QS,4rj8,7.769551078621726
3JQ,4w9o,7.769551078621726
E1E,4kni,7.777283528852417
E1F,4knn,7.777283528852417
ZWZ,2zwz,7.787812395596042
PAX,1u1b,7.795880017344075
HA1,1v48,7.795880017344075
RC1,1x8t,7.795880017344075
1BY,2i19,7.795880017344075
JNJ,2ra0,7.798602875679548
5AH,2wl0,7.795880017344075
A03,3agl,7.795880017344075
AZM,3czv,7.795880017344075
L7O,3qgy,7.795880017344075
RYJ,3ryj,7.795880017344075
AJ5,4j3l,7.795880017344075
2HW,4n6z,7.795880017344075
HC4,4qem,7.795880017344075
3JR,4w9p,7.795880017344075
R45,4gr3,7.809668301829708
ISC,1nf8,7.823908740944319
KEU,1njs,7.823908740944319
UCM,1nvs,7.823908740944319
348,2cf9,7.823908740944319
GS6,2j34,7.823908740944319
TTZ,2jg0,7.823908740944319
TPV,2o4n,7.823908740944319
PAH,2ptz,7.823908740944319
RR8,2xbx,7.823908740944319
XJG,2xjg,7.823908740944319
SB2,3gcp,7.823908740944319
AYX,3n2p,7.823908740944319
RIT,3prs,7.823908740944319
ADP,3vx3,7.823908740944319
1OA,4k0y,7.823908740944319
2VZ,4pp3,7.823908740944319
R4C,4gr8,7.8326826652518236
882,3cd7,7.844663962534938
O59,3ibl,7.835647144215563
D3X,3n2u,7.844663962534938
SPD,3ttn,7.844663962534938
G39,4gzp,7.844663962534938
IN7,1b8y,7.853871964321762
EG3,1cny,7.853871964321762
ARG,1laf,7.853871964321762
137,1lbf,7.853871964321762
LYS,1lst,7.853871964321762
AI,2fle,7.853871964321762
672,2gv7,7.853871964321762
TH4,3c84,7.853871964321762
2C7,3dd8,7.853871964321762
OAN,3sut,7.853871964321762
1E9,4ieh,7.853871964321762
526,4mc1,7.853871964321762
2M7,4pcs,7.853871964321762
R5X,4r76,7.853871964321762
652,4rak,7.853871964321762
4HI,3ccw,7.8696662315049934
132,1gj7,7.886056647693163
U,2ylc,7.886056647693163
410,2zn7,7.886056647693163
PH4,3c56,7.886056647693163
BRN,3hig,7.886056647693163
RZ5,3rz5,7.886056647693163
SW4,4b5d,7.892790030352131
G8M,4g8m,7.892790030352131
3ZA,4igt,7.892790030352131
29V,4m8e,7.886056647693163
7HI,3cd5,7.896196279044043
AH1,1ajx,7.913640169325252
PI1,1b6j,7.920818753952375
NR2,1zfk,7.920818753952375
PFH,2ovv,7.920818753952375
GK5,3d7z,7.920818753952375
3BS,3eft,7.920818753952375
E90,3sbi,7.920818753952375
QG9,4a6c,7.920818753952375
T9N,4bcn,7.920818753952375
G3R,4cws,7.920818753952375
0Y7,4hbm,7.920818753952375
15V,4hge,7.924453038607469
2YB,4phu,7.919373513078194
MZM,3daz,7.928117992693875
SB2,2ewa,7.939302159646388
SG7,3t85,7.94692155651658
UHF,3u7n,7.950781977329818
G39,4b7j,7.954677021213342
1IU,4bxk,7.9503943874050265
E1F,4knj,7.954677021213342
NM1,1g2k,7.958607314841775
Q82,1hvh,7.958607314841775
696,1o3f,7.958607314841775
FR8,1qxl,7.958607314841775
FR6,2e1w,7.958607314841775
3TL,2p3a,7.958607314841775
JJ3,2qe4,7.958607314841775
X8Z,2x8z,7.958607314841775
KAA,3a5y,7.958607314841775
VX2,3bgq,7.958607314841775
DR7,3ekw,7.962573502059376
YZE,3iww,7.958607314841775
ARZ,3mhc,7.958607314841775
FU7,3r4p,7.958607314841775
0CV,3uuo,7.958607314841775
F47,4ap7,7.958607314841775
1OT,4k3n,7.958607314841775
J31,4ngp,7.959793372425289
3J3,4r59,7.958607314841775
OYS,3oyq,7.987162775294828
FRA,1a4k,8.0
PGH,1b57,8.0
IMU,1dqn,8.0
SB3,1fkg,8.0
NPE,1gaf,8.0
GAC,1gai,8.0
GIP,1qin,8.0
KSA,1r0p,8.0
NGH,1rmz,8.0
N1T,1tkb,8.0
ACD,1vyg,8.0
BI1,1xws,8.0
UIR,1ypg,8.0
364,2e94,8.0
INT,2hah,8.0
QGG,2vnt,8.00436480540245
H25,2vwn,8.0
455,2xbw,8.0
440,3b92,8.0
ROC,3cyx,8.0
G6A,3e92,8.0
Z12,3fur,8.0
B40,3gkz,8.0
STI,3gvu,8.0
AZM,3hs4,8.0
RET,3hx3,8.0
4CD,3k97,8.0
OY0,3oy0,7.995678626217358
MLK,3sio,8.0
DIW,3t0x,8.0
5TF,3zcl,7.995678626217358
P43,4a6l,8.0
JAK,4ehz,8.0
V50,4ht0,8.0
E1E,4knm,8.0
2VQ,4mo8,7.995678626217358
NT4,4o9v,8.0
2VR,4poh,8.0
FRC,1v7a,8.008773924307505
LUM,2cc7,8.005243055412372
ZGA,3vje,8.013228265733755
PGI,2cet,8.017728766960431
9F9,4uye,8.020451625295905
35I,4elf,8.0268721464003
ETS,4m2u,8.040958607678906
C20,1hih,8.045757490560675
OLA,1vyf,8.045757490560675
FBC,2b9a,8.045757490560675
A1A,2bqv,8.045757490560675
IVK,2xc4,8.045757490560675
KAI,2xxt,8.045757490560675
439,2y80,8.045757490560675
A02,3ag9,8.045757490560675
SU0,3ml2,8.045757490560675
09Q,3u8l,8.050609993355087
G52,4hdb,8.050609993355087
2XL,4q19,8.050609993355087
D8W,3dbu,8.05551732784983
0FZ,3vbd,8.065501548756432
GLI,1siv,8.075720713938118
AB1,2rkg,8.086186147616283
VGH,2yfx,8.086186147616283
469,3hub,8.086186147616283
0BM,3tu7,8.087777943467584
6XS,4loy,8.09151498112135
ETR,1erb,8.096910013008056
121,1ghy,8.096910013008056
DBH,1l6m,8.102372908709558
STO,1stc,8.096910013008056
UIP,1ype,8.096910013008056
ESH,2cf8,8.096910013008056
A25,2e9u,8.100179497572904
P44,2pvj,8.096910013008056
H22,2vvu,8.096910013008056
HS1,3f15,8.103473782510445
XAV,3kr8,8.096910013008056
NHK,3nx7,8.103473782510445
2VP,4poj,8.096910013008056
FR5,1ndz,8.113509274827518
STU,1nvr,8.10790539730952
GG9,2pq9,8.10790539730952
NDZ,3fv2,8.113509274827518
9MW,4cp7,8.10790539730952
0LI,4v01,8.113509274827518
FR9,1o5r,8.1249387366083
YI0,2yi0,8.1249387366083
NCT,2yk1,8.130768280269024
AHF,1g35,8.136677139879543
6NP,1yqj,8.136677139879543
TUO,3b4f,8.142667503568731
LA3,3ljz,8.136677139879543
ITD,3odu,8.136677139879543
RYX,3ryx,8.136677139879543
KGM,4buq,8.136677139879543
1GG,4isi,8.136677139879543
SBX,1fkh,8.154901959985743
BE3,1w5v,8.148741651280925
FA4,2d1n,8.154901959985743
BID,2fxu,8.154901959985743
VDM,2jf4,8.154901959985743
OSP,2q1q,8.154901959985743
HSM,3bu1,8.148741651280925
D8W,3d8w,8.154901959985743
Z48,3i4b,8.154901959985743
RX4,3nxq,8.154901959985743
0S3,4eo8,8.154901959985743
SB4,4loo,8.154901959985743
1YY,4ly9,8.154901959985743
FEE,3g08,8.16475346000369
RZ8,3rz8,8.173925197299173
017,2f80,8.18045606445813
LSW,3l3n,8.18045606445813
PH0,2r59,8.187086643357144
DYN,3hit,8.193820026016112
29A,3roc,8.193820026016112
525,4mc2,8.193820026016112
L20,2jds,8.200659450546418
0J8,4gg7,8.200659450546418
BZC,1efy,8.221848749616356
BIA,1h1d,8.221848749616356
4SP,1h1s,8.221848749616356
SK1,1w11,8.221848749616356
H21,2vvv,8.221848749616356
B70,2zcs,8.221848749616356
ROC,3d1y,8.221848749616356
A92,3l3m,8.221848749616356
727,3le9,8.221848749616356
UW9,3v5t,8.221848749616356
6XE,3zbx,8.221848749616356
10Q,4h3g,8.221848749616356
CJC,4hym,8.221848749616356
1WH,4lko,8.221848749616356
VX6,3e5a,8.229147988357855
HS3,3f16,8.228412519118745
AZM,1ydb,8.236572006437063
I45,3hll,8.236572006437063
BAI,1c1u,8.2518119729938
BSB,1g4o,8.2518119729938
UCN,1nvq,8.2518119729938
DOQ,2pbw,8.254925208417943
IRE,3ug2,8.2518119729938
2OH,2e2r,8.259637310505756
8GT,1wuq,8.267606240177031
OAN,2cbj,8.267606240177031
BD0,3hek,8.267606240177031
1T8,4cps,8.267606240177031
0KR,4djy,8.267606240177031
E1S,3tt4,8.275724130399212
2QQ,4oc2,8.275724130399212
2QP,4oc3,8.275724130399212
STR,1a28,8.292429823902063
BTN,4bj8,8.289882634888183
PI4,1b6l,8.301029995663981
HFP,1qbq,8.301029995663981
MIN,1tom,8.301029995663981
4AH,2cen,8.301029995663981
P45,2pvk,8.301029995663981
78P,2rd6,8.301029995663981
627,2v7a,8.301029995663981
PDN,2v95,8.301029995663981
P5C,3fqe,8.301029995663981
GJW,3gjw,8.301029995663981
TOR,3hku,8.301029995663981
619,3hvi,8.301029995663981
LYG,3jy0,8.301029995663981
EQM,3zps,8.301029995663981
QMR,4afg,8.301029995663981
HAJ,4cwr,8.301029995663981
2QA,4o0b,8.301029995663981
AZM,3dc3,8.309803919971486
VD3,2gj5,8.324221658325914
BZ8,2yi7,8.318758762624412
0X5,4gih,8.318758762624412
CTN,4jwk,8.319664486585436
2OX,4pee,8.318758762624412
216,1hwr,8.327902142064282
IMU,1bzy,8.337242168318426
065,2qci,8.337242168318426
CXG,2xye,8.337242168318426
B96,3npc,8.337242168318426
E12,1h23,8.346787486224656
2GG,2uwd,8.346787486224656
478,3nu5,8.346787486224656
X0Q,4bf6,8.346787486224656
MSC,1d4j,8.356547323513812
GK6,3d83,8.356547323513812
3EK,3kek,8.356547323513812
M61,3r7o,8.356547323513812
0NV,4e6q,8.356547323513812
ROC,2nmz,8.366531544420413
5MA,3t1a,8.366531544420413
MVF,4bao,8.367542707815275
GYR,4v24,8.366531544420413
IGN,1k21,8.3767507096021
CDA,1mu6,8.3767507096021
HI0,3qkd,8.3767507096021
M8B,3zpu,8.3767507096021
QG8,4a6b,8.3767507096021
PSI,1aaq,8.397940008672037
254,1fd0,8.397940008672037
MEL,1k22,8.397940008672037
BE5,1w5x,8.397940008672037
HBB,1z1h,8.397940008672037
A83,1zpa,8.397940008672037
FWD,2al5,8.397940008672037
1PP,2baj,8.397940008672037
GSX,2j95,8.397940008672037
PFJ,2ovy,8.397940008672037
527,2qbp,8.397940008672037
895,2uwl,8.397940008672037
930,2y82,8.397940008672037
32U,2zda,8.397940008672037
B68,3b68,8.397940008672037
G93,3d0e,8.397940008672037
DR7,3el9,8.397940008672037
MTX,3qxv,8.397940008672037
3LI,3str,8.402304814074487
KXB,3sww,8.397940008672037
KRW,3zxz,8.397940008672037
4K0,4aoi,8.397940008672037
T3E,4bck,8.397940008672037
HIE,4nh7,8.397940008672037
3FV,4ual,8.397940008672037
PBR,1e4h,8.4089353929735
F6B,1g48,8.4089353929735
IOE,1i9p,8.4089353929735
IOF,1i9q,8.4089353929735
S1A,1w96,8.4089353929735
146,1bwb,8.42021640338319
IOC,1i9o,8.42021640338319
1SY,4ksy,8.421360790031928
XBV,2xbv,8.431798275933005
2FF,2za5,8.431798275933005
EAH,3nhi,8.431798275933005
017,3u7s,8.431798275933005
NOK,2vc9,8.443697499232712
G40,2xyf,8.443697499232712
JZQ,3kdd,8.462180904926726
DLI,2oag,8.468521082957745
H0Y,3zln,8.468521082957745
INV,1i9l,8.481486060122112
INW,1i9m,8.481486060122112
BE6,1w5y,8.481486060122112
017,2hs1,8.481486060122112
3TL,2p3b,8.481486060122112
IDV,2r5p,8.481486060122112
HI1,2uxz,8.481486060122112
YIX,2yix,8.481486060122112
KRC,3b1m,8.481486060122112
WWV,3n3j,8.481486060122112
BED,1ec0,8.494850021680094
NEW,2g5u,8.494850021680094
LG7,2ihq,8.494850021680094
478,3s45,8.489454989793387
G52,4hdf,8.494850021680094
BZ1,4m2r,8.494850021680094
INU,7upj,8.494850021680094
GSI,2vh0,8.508638306165727
MV7,3i25,8.508638306165727
09O,3u8j,8.508638306165727
564,1fcy,8.522878745280337
HYC,1i5r,8.522878745280337
RDR,1nfx,8.522878745280337
TZD,1rp7,8.522878745280337
FMM,1xkk,8.522878745280337
IIA,2boh,8.522878745280337
LIA,2fvd,8.522878745280337
RX3,2oc2,8.522878745280337
1UN,2q64,8.522878745280337
857,2qu6,8.522878745280337
LZF,2vvc,8.522878745280337
BC6,2vw5,8.522878745280337
ZY5,2wn9,8.522878745280337
542,3hvh,8.522878745280337
719,3hvk,8.522878745280337
Z74,3lpi,8.522878745280337
AZM,3ml5,8.522878745280337
OGN,3suu,8.522878745280337
PUT,3ttm,8.522878745280337
2LC,4nh8,8.522878745280337
NTX,4o97,8.522878745280337
78P,3kjd,8.537602002101044
409,4hwo,8.537602002101044
PHP,1hos,8.55284196865778
MLK,2byr,8.55284196865778
HN2,3ejp,8.55284196865778
I76,3v51,8.55284196865778
RDC,1bgq,8.568636235841012
MTI,1q1g,8.568636235841012
X4Z,2x4z,8.568636235841012
HN3,3ejq,8.568636235841012
HN4,3ejr,8.568636235841012
D7A,3v7x,8.568636235841012
FOL,4kmz,8.568636235841012
VBN,3r5t,8.576754126063193
IBC,2wky,8.590066876668706
BOW,3ibi,8.585026652029182
XV6,1bwa,8.602059991327963
B66,3b66,8.602059991327963
478,3s43,8.596879478824182
BK5,3sxf,8.602059991327963
BK6,3t3u,8.602059991327963
E37,4efs,8.602059991327963
0XH,4gj2,8.602059991327963
C0R,4qf7,8.602059991327963
M6S,4ban,8.614393726401687
1AH,2cej,8.619788758288394
RYZ,3ryz,8.619788758288394
9FK,4bf1,8.619788758288394
MA4,4fcf,8.619788758288394
15H,4hf4,8.619788758288394
URI,4jx9,8.619788758288394
HS4,3f17,8.627087997029893
FSB,1g45,8.638272163982407
CDD,1mue,8.638272163982407
OIR,1r1j,8.638272163982407
OHH,1t31,8.638272163982407
TPS,2qry,8.638272163982407
IX6,3hkw,8.638272163982407
EVD,3s71,8.638272163982407
MAB,4pft,8.638272163982407
MS2,6std,8.638272163982407
SNL,2oax,8.651305809734458
IOA,1i9n,8.657577319177793
ROC,3d1x,8.657577319177793
6A5,3nox,8.657577319177793
09P,3u8k,8.657577319177793
065,2qd6,8.67778070526608
MU0,2q55,8.6903698325741
FMS,1bcd,8.698970004336019
FFB,1g4j,8.698970004336019
L04,1hfs,8.698970004336019
EST,1jgl,8.698970004336019
DTX,1lnm,8.698970004336019
1UN,1ohr,8.698970004336019
CK7,1pxo,8.698970004336019
478,1t7j,8.698970004336019
SM1,1w13,8.698970004336019
TTB,1xap,8.698970004336019
C1B,2b7d,8.698970004336019
017,2f8g,8.698970004336019
LP2,2fmb,8.698970004336019
AZM,2h4n,8.698970004336019
701,2jh0,8.698970004336019
82A,2ojj,8.698970004336019
1PC,2pcp,8.698970004336019
701,2uwo,8.698970004336019
HA2,2vj8,8.698970004336019
VGH,2wgj,8.698970004336019
461,2wyg,8.698970004336019
XWG,2y5f,8.698970004336019
C0Z,2y7z,8.698970004336019
931,2y81,8.698970004336019
SRO,3brn,8.698970004336019
D9Z,3d9z,8.698970004336019
T74,3eqr,8.698970004336019
AFQ,3ge7,8.698970004336019
705,3hvj,8.698970004336019
Z48,3i5z,8.698970004336019
E86,3i60,8.698970004336019
EVF,3s73,8.698970004336019
A7I,4a7i,8.698970004336019
MEL,4bah,8.69680394257951
0S2,4eo6,8.698970004336019
19X,4hy1,8.698970004336019
3J4,4r5a,8.698970004336019
ZMR,3ckz,8.721246399047171
L5T,3p8o,8.723538195826755
EEG,3ts4,8.721246399047171
1GE,4ish,8.721246399047171
1J5,4ivb,8.721246399047171
PI5,1b6k,8.744727494896694
HAL,1mjj,8.73754891026957
MK1,1sdv,8.742321425130816
BSD,2vkm,8.744727494896694
ZZL,2wtv,8.744727494896694
RZ1,3rz1,8.744727494896694
0Q2,4ei4,8.744727494896694
0X6,4gii,8.744727494896694
AL7,1bnv,8.769551078621726
PI9,1d4l,8.769551078621726
HSM,1qft,8.769551078621726
IDD,1x38,8.769551078621726
AB2,1zp8,8.769551078621726
5AH,2wkz,8.769551078621726
B5R,3b5r,8.769551078621726
94M,3qdd,8.769551078621726
0NH,4e4l,8.769551078621726
1YK,4m0f,8.769551078621726
F2B,1g46,8.795880017344075
BE4,1w5w,8.795880017344075
017,3d1z,8.795880017344075
OAG,3oaf,8.795880017344075
LP5,3rt4,8.795880017344075
ATC,1ork,8.806875401645538
FFB,1g54,8.823908740944319
B65,2zcq,8.823908740944319
S23,2zxg,8.823908740944319
8DX,3fvk,8.823908740944319
478,3nu4,8.823908740944319
C5I,4i5c,8.823908740944319
2H8,4ks1,8.823908740944319
EST,1lhu,8.829738284605043
K53,3mxd,8.832682665251824
BEG,1d4i,8.853871964321762
MK1,2avo,8.853871964321762
F83,2obf,8.853871964321762
B67,3b67,8.853871964321762
19B,3e93,8.853871964321762
0XP,4gj3,8.853871964321762
OKD,2xej,8.872895201635192
DIH,1n3i,8.886056647693163
RTR,1nfy,8.886056647693163
T76,1nt1,8.886056647693163
017,2idw,8.886056647693163
MZA,2y7x,8.886056647693163
478,3ekp,8.886056647693163
VHC,3vhc,8.886056647693163
6XP,3zze,8.886056647693163
722,3egt,8.899629454882437
M67,4bak,8.913640169325252
BEE,1ec1,8.920818753952375
CBN,1kzn,8.920818753952375
BIR,1r1h,8.920818753952375
BCZ,3k37,8.920818753952375
0NU,4e6d,8.920818753952375
G52,4heg,8.920818753952375
MM9,4bam,8.943095148663527
MCO,1j37,8.958607314841775
RRR,1nfw,8.958607314841775
23I,2p4j,8.958607314841775
D9Z,3dcc,8.958607314841775
S1P,3i9g,8.958607314841775
RZ7,3rz7,8.958607314841775
C88,3v5p,8.958607314841775
AXI,4ag8,8.958607314841775
1OB,4k18,8.958607314841775
R18,1e3g,9.00436480540245
570,1fm9,9.0
MTM,1k27,9.0
XLC,1mq5,9.0
CDB,1mu8,9.0
HAN,1y0l,9.0
GSJ,2j4i,9.0
C03,2p4y,9.0
898,2wyj,9.0
EZL,3dd0,9.0
S1A,3jrx,9.0
637,3nw9,9.0
03X,3u6h,9.0
044,3u6i,9.0
C1L,3ui7,9.0
YJA,4c2v,9.0
10O,4h3f,9.0
MU1,2q54,9.008773924307505
M4Z,4baq,9.008773924307505
1MD,4jh0,9.0268721464003
MS3,1ec3,9.036212172654444
F6B,1g53,9.040958607678906
EST,1qkt,9.036212172654444
M37,3m37,9.040958607678906
031,3vfb,9.036212172654444
BEI,1ebw,9.045757490560675
RPR,1ezq,9.045757490560675
DHT,1kdk,9.045757490560675
778,1s63,9.045757490560675
E2B,3hb4,9.045757490560675
478,3nu9,9.045757490560675
0NL,4e4n,9.045757490560675
UA2,4i72,9.045757490560675
IMH,1nw4,9.065501548756432
065,2qd8,9.070581074285707
DYH,3gba,9.071604147743287
YPW,4cmo,9.070581074285707
TPS,1bnw,9.080921907623926
AB1,2rkf,9.080921907623926
KNJ,3a2o,9.080921907623926
FFG,3ffg,9.075720713938118
SUE,3sue,9.075720713938118
BZT,1d3d,9.09151498112135
K64,1msn,9.09151498112135
LZJ,2v58,9.086186147616283
486,2w8y,9.086186147616283
E10,1h22,9.096910013008056
065,2qd7,9.096910013008056
XNC,3gnw,9.102372908709558
Z93,3lea,9.096910013008056
Z76,3lpk,9.096910013008056
EZL,3mdz,9.096910013008056
ZG1,3o56,9.100179497572904
017,3pwm,9.096910013008056
031,3vf7,9.096910013008056
OAN,4az6,9.096910013008056
1B3,4hws,9.096910013008056
017,3ttp,9.1249387366083
177,1ta6,9.130768280269024
VGB,2wb5,9.130768280269024
SU3,3su3,9.130768280269024
SC6,2qmg,9.154901959985743
XJX,2xjx,9.148741651280925
REM,3d91,9.154901959985743
O48,3ibu,9.154901959985743
5P8,4clj,9.154901959985743
MOF,4p6w,9.154901959985743
AGF,8cpa,9.148741651280925
L17,1z71,9.18045606445813
GUI,2xb7,9.187086643357144
3ES,2xy9,9.187086643357144
SSI,3ozg,9.187086643357144
031,3vfa,9.187086643357144
HAL,1mh5,9.214670164989233
UI1,1sqa,9.207608310501746
PI8,1d4k,9.221848749616356
156,1fcz,9.221848749616356
UNI,1hpo,9.221848749616356
RUN,1hps,9.221848749616356
478,1hpv,9.221848749616356
VDN,1uho,9.221848749616356
IDE,1x39,9.221848749616356
FIN,1zvx,9.221848749616356
PGI,2cer,9.221848749616356
TPV,2o4l,9.216096420727265
ABQ,3rwp,9.221848749616356
1K3,4jia,9.221848749616356
0LX,4dv8,9.236572006437063
X0B,3zlr,9.259637310505756
MK1,1sdt,9.267606240177031
VHD,2xab,9.267606240177031
3B6,3b65,9.267606240177031
C90,3nzk,9.267606240177031
R18,1xow,9.2839966563652
JZP,3kdc,9.2839966563652
L4T,3p8n,9.275724130399212
BS5,3rux,9.275724130399212
VHE,3vhd,9.2839966563652
BAX,4asd,9.2839966563652
EJ4,4n6h,9.2839966563652
L4G,2ayr,9.292429823902063
MN,2iw4,9.301029995663981
N3C,2yxj,9.301029995663981
DYH,3fv1,9.301029995663981
478,3nu6,9.301029995663981
35O,4qge,9.301029995663981
AL9,1bn4,9.309803919971486
DTB,3rdq,9.309803919971486
DR7,2aqu,9.318758762624412
WHA,3wha,9.318758762624412
AL5,1bn1,9.337242168318426
031,3vf5,9.337242168318426
AB0,2e27,9.346787486224656
ME5,2p95,9.366531544420413
478,3nuj,9.387216143280265
3EF,4ca5,9.387216143280265
BEC,1ebz,9.397940008672037
FK5,1fkf,9.397940008672037
FXV,1ksn,9.397940008672037
DMP,1met,9.397940008672037
577,1pme,9.397940008672037
VD5,2o4r,9.397940008672037
RIV,2w26,9.397940008672037
UX9,4a4q,9.397940008672037
0R3,4erf,9.397940008672037
KK3,4qac,9.397940008672037
478,3ekv,9.4089353929735
1UN,3ekx,9.4089353929735
MK1,1hsh,9.42021640338319
DIH,3bgs,9.42021640338319
G88,3rbu,9.431798275933005
FSB,1g1d,9.443697499232712
23L,4mc9,9.443697499232712
YKI,2yki,9.455931955649724
9UN,4b7p,9.460923901207224
DMP,1qbs,9.468521082957745
STO,1xjd,9.481486060122112
AL4,1bnq,9.494850021680094
XK2,1hvr,9.508638306165727
MC9,1s19,9.508638306165727
DIH,2p4s,9.508638306165727
BHM,2ax9,9.522878745280337
LOB,2bys,9.522878745280337
ZPQ,2g94,9.522878745280337
DGB,2gvj,9.522878745280337
1CN,2hoc,9.522878745280337
LGB,3g0w,9.522878745280337
BB2,3g5k,9.522878745280337
15T,4ivd,9.522878745280337
39F,4ty7,9.522878745280337
F2B,1g52,9.537602002101044
WST,2pog,9.537602002101044
JG1,3ppm,9.537602002101044
450,1dmp,9.55284196865778
BB2,1ws1,9.55284196865778
R4B,4gr0,9.55284196865778
DHT,1i37,9.568636235841012
LPR,1o86,9.568636235841012
065,2z4o,9.568636235841012
N5N,4ax9,9.568636235841012
R47,4gql,9.585026652029182
23K,4mc6,9.585026652029182
B40,4gqp,9.602059991327963
ROC,3s56,9.619788758288394
SBS,1if8,9.638272163982407
ZX8,2zx8,9.635636645384269
DR7,3el1,9.638272163982407
017,3s54,9.638272163982407
G39,4b7r,9.638272163982407
3NG,3pe1,9.651695136951838
BIG,3dp9,9.681936665037238
AL3,1bnu,9.698970004336019
BTN,1df8,9.698970004336019
BEB,1eby,9.698970004336019
RAP,1fkb,9.698970004336019
K57,1mrw,9.698970004336019
GSV,2vh6,9.698970004336019
478,3sm2,9.698970004336019
AWJ,4cd0,9.698970004336019
0UJ,4fk6,9.698970004336019
IK8,1z6e,9.721246399047171
G05,3dk1,9.744727494896694
3P3,3p3g,9.744727494896694
E1B,3pe2,9.756961951313706
017,3ggu,9.769551078621726
345,456c,9.769551078621726
AL2,1bnt,9.795880017344075
MI1,3lxk,9.795880017344075
478,3nuo,9.795880017344075
MZP,1pvn,9.823908740944319
M35,3m36,9.823908740944319
478,3nu3,9.823908740944319
IM5,4eb8,9.821023052706831
AR8,2xef,9.838631997765026
CRP,2std,9.853871964321762
006,3kdb,9.853871964321762
BTN,3rdo,9.853871964321762
AL6,1bn3,9.886056647693163
HUX,1e66,9.886056647693163
MTX,2drc,9.886056647693163
DED,2vnp,9.920818753952375
M24,3ies,9.920818753952375
VIB,3rlb,9.920818753952375
A76,1hvl,9.950781977329818
XV6,1bv9,9.958607314841775
Z34,1fjs,9.958607314841775
CDK,2xmy,9.958607314841775
KGQ,4m8y,9.958607314841775
AL1,1bnn,10.0
PP7,1bxo,10.0
BEH,1d4h,10.0
BEJ,1ec2,10.0
FLU,1flr,10.0
U89,1gar,10.0
DGX,1igj,10.0
VDZ,1rjk,10.0
031,3h5b,10.00436480540245
1J6,4ivc,10.0
GDP,4lhv,10.0
K54,3mxe,10.013228265733755
I3P,1n4k,10.045757490560675
L86,1nm6,10.045757490560675
017,3lzu,10.060480747381382
MK1,1sdu,10.065501548756432
MOF,1sr7,10.096910013008056
VD4,2o4j,10.096910013008056
GG2,2p16,10.096910013008056
MTM,1y6r,10.113509274827518
HCE,4f3k,10.161150909262744
ZH2,3ps1,10.173925197299173
09S,3u8n,10.173925197299173
BTN,4ggz,10.18045606445813
VDX,1ie9,10.187086643357144
MZ5,2qi3,10.200659450546418
KGQ,4m8x,10.200659450546418
MZ9,2qi7,10.207608310501746
017,3t3c,10.229147988357855
846,1qbu,10.236572006437063
IMH,1rr6,10.2518119729938
XV6,1bv7,10.301029995663981
L75,1c70,10.301029995663981
A77,1hvs,10.301029995663981
EZT,2p15,10.301029995663981
M86,4djq,10.318758762624412
BFS,4std,10.327902142064282
GR6,3i6o,10.346787486224656
JB7,4ngm,10.347753658996677
1XJ,4lvt,10.356547323513812
IH1,1c4u,10.366531544420413
JE2,1kzk,10.387216143280265
3UD,4wt2,10.42021640338319
MZ6,2qi4,10.443697499232712
BIG,4ffs,10.443697499232712
DR7,2o4k,10.455931955649724
K64,1msm,10.481486060122112
ZX7,2zx7,10.492144128304169
UNN,5std,10.494850021680094
AB1,2o4s,10.508638306165727
IMG,1b8n,10.522878745280337
SBR,1if7,10.522878745280337
PFA,1n46,10.522878745280337
017,2f81,10.522878745280337
IMH,1g2o,10.55284196865778
M73,4djp,10.55284196865778
638,1qbr,10.568636235841012
MZ8,2qi6,10.568636235841012
G55,3djk,10.585026652029182
017,3ekt,10.585026652029182
ZX6,2zx6,10.600326278518962
146,1qbt,10.619788758288394
ARK,2xei,10.619788758288394
1WN,4lch,10.619788758288394
IMH,1b8o,10.638272163982407
A85,1dif,10.657577319177793
LG0,3cs7,10.67778070526608
075,2pk5,10.698970004336019
TPU,2wva,10.698970004336019
CI9,2xeg,10.698970004336019
EML,3myg,10.698970004336019
K14,3o9a,10.698970004336019
AXI,4agc,10.698970004336019
TPV,2o4p,10.721246399047171
K19,3o9d,10.721246399047171
INY,7std,10.721246399047171
0GH,4gid,10.769551078621726
K60,3gi4,10.795880017344075
017,4hla,10.795880017344075
RIT,1hxw,10.823908740944319
K13,3o99,10.823908740944319
MZ7,2qi5,10.853871964321762
DJR,3i7e,10.853871964321762
O33,2pk6,10.886056647693163
G07,4i8w,10.896196279044043
A77,1hvi,10.920818753952375
1TS,3utu,10.920818753952375
A79,1hvk,10.958607314841775
PPG,1m7y,10.958607314841775
017,3lzs,10.962573502059376
AV9,4ase,11.0
G79,4kb9,11.0
TZ4,1q84,11.050609993355087
G08,4i8z,11.050609993355087
BMP,1x1z,11.05551732784983
229,3k8o,11.065501548756432
TPV,1d4y,11.096910013008056
MQ0,3std,11.113509274827518
XLD,1mq6,11.154901959985743
DJR,2i4v,11.200659450546418
K62,3gi5,11.221848749616356
D78,3gi6,11.221848749616356
G52,3ok9,11.229147988357855
G10,4u8w,11.236572006437063
KNI,1hpx,11.259637310505756
22A,3k8q,11.2839966563652
A88,1pro,11.301029995663981
AB1,2q5k,11.301029995663981
Z0M,2xpk,11.301029995663981
A60,3o9e,11.301029995663981
G89,3st5,11.301029995663981
TDI,4f2w,11.301029995663981
MCF,4gbd,11.318758762624412
GYN,2x00,11.327902142064282
GSZ,2j62,11.337242168318426
GRL,2hb3,11.346787486224656
A78,1hvj,11.397940008672037
MUI,2i0a,11.397940008672037
MK5,4djo,11.522878745280337
0KJ,4djr,11.522878745280337
ZAF,6cpa,11.522878745280337
G04,3qaa,11.537602002101044
DJR,2i4u,11.568636235841012
017,4ll3,11.568636235841012
KGQ,2i4w,11.585026652029182
QFI,2i4d,11.67778070526608
4CC,4jn2,11.67778070526608
TDI,1y6q,11.698970004336019
KGQ,2i4x,11.721246399047171
0JV,4dfg,11.744727494896694
PSQ,1duv,11.795880017344075
A61,3o9i,11.823908740944319
BIG,4f3c,11.823908740944319
170,1sl3,11.853871964321762
ZEB,1ctu,11.920818753952375
